INSERT INTO PLAYERS (ID, FIRST_NAME, LAST_NAME) VALUES (1, 'Cady', 'Heron');
INSERT INTO PLAYERS (ID, FIRST_NAME, LAST_NAME) VALUES (2, 'Regina', 'George');
INSERT INTO PLAYERS (ID, FIRST_NAME, LAST_NAME) VALUES (3, 'Gretchen', 'Wieners');
INSERT INTO PLAYERS (ID, FIRST_NAME, LAST_NAME) VALUES (4, 'Janis', 'Ian');
INSERT INTO PLAYERS (ID, FIRST_NAME, LAST_NAME) VALUES (5, 'Karen', 'Smith');
INSERT INTO PLAYERS (ID, FIRST_NAME, LAST_NAME) VALUES (6, 'Kevin', 'Gnapoor');
INSERT INTO PLAYERS (ID, FIRST_NAME, LAST_NAME) VALUES (7, 'Trang', 'Pak');
INSERT INTO PLAYERS (ID, FIRST_NAME, LAST_NAME) VALUES (8, 'Aaron', 'Samuels');


INSERT INTO TEAMS (ID, NAME) VALUES (1, 'The Plastics');
INSERT INTO TEAMS (ID, NAME) VALUES (2, 'The Mathletes');

INSERT INTO SEASONS (ID, YEAR, TYPE) VALUES (1, 2016, 'regular');
INSERT INTO SEASONS (ID, YEAR, TYPE) VALUES (2, 2017, 'regular');

INSERT INTO PLAYS_FOR (PLAYER_ID, SEASON_ID, TEAM_ID) VALUES (1, 1, 1);
INSERT INTO PLAYS_FOR (PLAYER_ID, SEASON_ID, TEAM_ID) VALUES (2, 1, 1);
INSERT INTO PLAYS_FOR (PLAYER_ID, SEASON_ID, TEAM_ID) VALUES (3, 1, 1);
INSERT INTO PLAYS_FOR (PLAYER_ID, SEASON_ID, TEAM_ID) VALUES (4, 1, 1);
INSERT INTO PLAYS_FOR (PLAYER_ID, SEASON_ID, TEAM_ID) VALUES (5, 1, 2);
INSERT INTO PLAYS_FOR (PLAYER_ID, SEASON_ID, TEAM_ID) VALUES (6, 1, 2);
INSERT INTO PLAYS_FOR (PLAYER_ID, SEASON_ID, TEAM_ID) VALUES (7, 1, 2);
INSERT INTO PLAYS_FOR (PLAYER_ID, SEASON_ID, TEAM_ID) VALUES (8, 1, 2);

INSERT INTO PLAYS_FOR (PLAYER_ID, SEASON_ID, TEAM_ID) VALUES (1, 2, 1);
INSERT INTO PLAYS_FOR (PLAYER_ID, SEASON_ID, TEAM_ID) VALUES (2, 2, 1);
INSERT INTO PLAYS_FOR (PLAYER_ID, SEASON_ID, TEAM_ID) VALUES (3, 2, 2);
INSERT INTO PLAYS_FOR (PLAYER_ID, SEASON_ID, TEAM_ID) VALUES (4, 2, 1);
INSERT INTO PLAYS_FOR (PLAYER_ID, SEASON_ID, TEAM_ID) VALUES (5, 2, 2);
INSERT INTO PLAYS_FOR (PLAYER_ID, SEASON_ID, TEAM_ID) VALUES (6, 2, 1);
INSERT INTO PLAYS_FOR (PLAYER_ID, SEASON_ID, TEAM_ID) VALUES (7, 2, 2);
INSERT INTO PLAYS_FOR (PLAYER_ID, SEASON_ID, TEAM_ID) VALUES (8, 2, 2);


INSERT INTO GAMES (ID, HOME_TEAM_ID, VISITOR_TEAM_ID, SEASON_ID, HOME_SCORE, VISITOR_SCORE, GAME_LOCATION, GAME_DATE) VALUES
(1, 1, 2, 1, 5, 12, 'Rosedale Park', TO_DATE('16-OCT-4 18:30','YY-MON-DD HH24:MI'));
INSERT INTO GAMES (ID, HOME_TEAM_ID, VISITOR_TEAM_ID, SEASON_ID, HOME_SCORE, VISITOR_SCORE, GAME_LOCATION, GAME_DATE) VALUES
(2, 1, 2, 1, 0, 0, 'Christie Pits Park', TO_DATE('16-OCT-11 18:30','YY-MON-DD HH24:MI'));
INSERT INTO GAMES (ID, HOME_TEAM_ID, VISITOR_TEAM_ID, SEASON_ID, HOME_SCORE, VISITOR_SCORE, GAME_LOCATION, GAME_DATE) VALUES
(3, 2, 1, 1, 0, 0, 'Highview Park', TO_DATE('16-OCT-18 18:30','YY-MON-DD HH24:MI'));

INSERT INTO GAMES (ID, HOME_TEAM_ID, VISITOR_TEAM_ID, SEASON_ID, HOME_SCORE, VISITOR_SCORE, GAME_LOCATION, GAME_DATE) VALUES
(4, 1, 2, 2, 5, 12, 'Rosedale Park', TO_DATE('16-OCT-4 18:30','YY-MON-DD HH24:MI'));
INSERT INTO GAMES (ID, HOME_TEAM_ID, VISITOR_TEAM_ID, SEASON_ID, HOME_SCORE, VISITOR_SCORE, GAME_LOCATION, GAME_DATE) VALUES
(5, 1, 2, 2, 3, 3, 'Rosedale Park', TO_DATE('16-OCT-4 18:30','YY-MON-DD HH24:MI'));
INSERT INTO GAMES (ID, HOME_TEAM_ID, VISITOR_TEAM_ID, SEASON_ID, HOME_SCORE, VISITOR_SCORE, GAME_LOCATION, GAME_DATE) VALUES
(6, 1, 2, 2, 4, 2, 'Rosedale Park', TO_DATE('16-OCT-4 18:30','YY-MON-DD HH24:MI'));


INSERT INTO STATISTICS (PLAYER_ID, GAME_ID, AB, R, RBI, "1B", "2B", "3B", HR) VALUES
(1, 1, 1, 2, 2, 3, 0, 2, 0);
INSERT INTO STATISTICS (PLAYER_ID, GAME_ID, AB, R, RBI, "1B", "2B", "3B", HR) VALUES
(2, 1, 3, 0, 2, 1, 1, 1, 0);
INSERT INTO STATISTICS (PLAYER_ID, GAME_ID, AB, R, RBI, "1B", "2B", "3B", HR) VALUES
(3, 1, 1, 0, 1, 1, 0, 1, 2);
INSERT INTO STATISTICS (PLAYER_ID, GAME_ID, AB, R, RBI, "1B", "2B", "3B", HR) VALUES
(4, 1, 2, 3, 5, 1, 1, 1, 1);
-- team 2
INSERT INTO STATISTICS (PLAYER_ID, GAME_ID, AB, R, RBI, "1B", "2B", "3B", HR) VALUES
(5, 1, 2, 3, 5, 1, 2, 1, 1);
INSERT INTO STATISTICS (PLAYER_ID, GAME_ID, AB, R, RBI, "1B", "2B", "3B", HR) VALUES
(6, 1, 2, 3, 5, 1, 1, 1, 1);
INSERT INTO STATISTICS (PLAYER_ID, GAME_ID, AB, R, RBI, "1B", "2B", "3B", HR) VALUES
(7, 1, 5, 3, 5, 1, 2, 1, 1);
INSERT INTO STATISTICS (PLAYER_ID, GAME_ID, AB, R, RBI, "1B", "2B", "3B", HR) VALUES
(8, 1, 4, 3, 5, 3, 1, 2, 1);


INSERT INTO STATISTICS VALUES (1, 2, 6, 2, 3, 4, 5, 6, 1);
INSERT INTO STATISTICS VALUES (2, 2, 6, 1, 1, 0, 0, 0, 0);
INSERT INTO STATISTICS VALUES (3, 2, 4, 1, 0, 0, 0, 0, 0);
INSERT INTO STATISTICS VALUES (4, 2, 6, 2, 2, 0, 0, 0, 1);
INSERT INTO STATISTICS VALUES (5, 2, 5, 1, 1, 0, 0, 0, 0);
INSERT INTO STATISTICS VALUES (6, 2, 6, 4, 3, 0, 0, 0, 1);
INSERT INTO STATISTICS VALUES (7, 2, 7, 4, 2, 0, 0, 0, 0);
INSERT INTO STATISTICS VALUES (8, 2, 7, 3, 1, 0, 0, 0, 0);


INSERT INTO STATISTICS VALUES (1, 3, 6, 2, 3, 4, 5, 6, 1);
INSERT INTO STATISTICS VALUES (2, 3, 6, 1, 1, 0, 0, 0, 0);
INSERT INTO STATISTICS VALUES (3, 3, 4, 1, 0, 0, 0, 0, 0);
INSERT INTO STATISTICS VALUES (4, 3, 6, 2, 2, 0, 0, 0, 1);
INSERT INTO STATISTICS VALUES (5, 3, 5, 1, 1, 0, 0, 0, 0);
INSERT INTO STATISTICS VALUES (6, 3, 6, 4, 3, 0, 0, 0, 1);
INSERT INTO STATISTICS VALUES (7, 3, 7, 4, 2, 0, 0, 0, 0);
INSERT INTO STATISTICS VALUES (8, 3, 7, 3, 1, 0, 0, 0, 0);


INSERT INTO STATISTICS VALUES (1, 4, 6, 2, 3, 4, 5, 6, 1);
INSERT INTO STATISTICS VALUES (2, 4, 6, 1, 1, 0, 0, 0, 0);
INSERT INTO STATISTICS VALUES (3, 4, 4, 1, 0, 0, 0, 0, 0);
INSERT INTO STATISTICS VALUES (4, 4, 6, 2, 2, 0, 0, 0, 1);
INSERT INTO STATISTICS VALUES (5, 4, 5, 1, 1, 0, 0, 0, 0);
INSERT INTO STATISTICS VALUES (6, 4, 6, 4, 3, 0, 0, 0, 1);
INSERT INTO STATISTICS VALUES (7, 4, 7, 4, 2, 0, 0, 0, 0);
INSERT INTO STATISTICS VALUES (8, 4, 7, 3, 1, 0, 0, 0, 0);


INSERT INTO STATISTICS VALUES (1, 5, 6, 2, 3, 4, 5, 6, 1);
INSERT INTO STATISTICS VALUES (2, 5, 6, 1, 1, 0, 0, 0, 0);
INSERT INTO STATISTICS VALUES (3, 5, 4, 1, 0, 0, 0, 0, 0);
INSERT INTO STATISTICS VALUES (4, 5, 6, 2, 2, 0, 0, 0, 1);
INSERT INTO STATISTICS VALUES (5, 5, 5, 1, 1, 0, 0, 0, 0);
INSERT INTO STATISTICS VALUES (6, 5, 6, 4, 3, 0, 0, 0, 1);
INSERT INTO STATISTICS VALUES (7, 5, 7, 4, 2, 0, 0, 0, 0);
INSERT INTO STATISTICS VALUES (8, 5, 7, 3, 1, 0, 0, 0, 0);

INSERT INTO STATISTICS VALUES (1, 6, 6, 2, 3, 4, 5, 6, 1);
INSERT INTO STATISTICS VALUES (2, 6, 6, 1, 1, 0, 0, 0, 0);
INSERT INTO STATISTICS VALUES (3, 6, 4, 1, 0, 0, 0, 0, 0);
INSERT INTO STATISTICS VALUES (4, 6, 6, 2, 2, 0, 0, 0, 1);
INSERT INTO STATISTICS VALUES (5, 6, 5, 1, 1, 0, 0, 0, 0);
INSERT INTO STATISTICS VALUES (6, 6, 6, 4, 3, 0, 0, 0, 1);
INSERT INTO STATISTICS VALUES (7, 6, 7, 4, 2, 0, 0, 0, 0);
INSERT INTO STATISTICS VALUES (8, 6, 7, 3, 1, 0, 0, 0, 0);

SELECT * FROM PLAYERS;
SELECT * FROM TEAMS;
SELECT * FROM PLAYS_FOR;
SELECT * FROM SEASONS;
