INSERT INTO PLAYERS (ID, FIRST_NAME, LAST_NAME) VALUES (0, 'Cady', 'Heron');
INSERT INTO PLAYERS (ID, FIRST_NAME, LAST_NAME) VALUES (1, 'Regina', 'George');
INSERT INTO PLAYERS (ID, FIRST_NAME, LAST_NAME) VALUES (2, 'Gretchen', 'Wieners');
INSERT INTO PLAYERS (ID, FIRST_NAME, LAST_NAME) VALUES (3, 'Janis', 'Ian');
INSERT INTO PLAYERS (ID, FIRST_NAME, LAST_NAME) VALUES (4, 'Karen', 'Smith');
INSERT INTO PLAYERS (ID, FIRST_NAME, LAST_NAME) VALUES (5, 'Kevin', 'Gnapoor');
INSERT INTO PLAYERS (ID, FIRST_NAME, LAST_NAME) VALUES (6, 'Trang', 'Pak');
INSERT INTO PLAYERS (ID, FIRST_NAME, LAST_NAME) VALUES (7, 'Aaron', 'Samuels');
INSERT INTO PLAYERS (ID, FIRST_NAME, LAST_NAME) VALUES (8, 'Glenn', 'Cocoo');
INSERT INTO PLAYERS (ID, FIRST_NAME, LAST_NAME) VALUES (9, 'Shane', 'Oman');
INSERT INTO PLAYERS (ID, FIRST_NAME, LAST_NAME) VALUES (10, 'Ms.', 'Norbury');
INSERT INTO PLAYERS (ID, FIRST_NAME, LAST_NAME) VALUES (11, 'Mrs.', 'George');
INSERT INTO PLAYERS (ID, FIRST_NAME, LAST_NAME) VALUES (12, 'Caroline', 'Krafft');
INSERT INTO PLAYERS (ID, FIRST_NAME, LAST_NAME) VALUES (13, 'Coach', 'Carr');
INSERT INTO PLAYERS (ID, FIRST_NAME, LAST_NAME) VALUES (14, 'Principal', 'Duvall');
INSERT INTO PLAYERS (ID, FIRST_NAME, LAST_NAME) VALUES (15, 'Emma', 'Gerber');
INSERT INTO PLAYERS (ID, FIRST_NAME, LAST_NAME) VALUES (16, 'Taylor', 'Wedell');
INSERT INTO PLAYERS (ID, FIRST_NAME, LAST_NAME) VALUES (17, 'Kristen', 'Hadley');
INSERT INTO PLAYERS (ID, FIRST_NAME, LAST_NAME) VALUES (18, 'Dawn', 'Schweitzer');
INSERT INTO PLAYERS (ID, FIRST_NAME, LAST_NAME) VALUES (19, 'Tim', 'Pak');
INSERT INTO PLAYERS (ID, FIRST_NAME, LAST_NAME) VALUES (20, 'Damian', 'Leigh');

INSERT INTO TEAMS (ID, NAME) VALUES (1, 'The Plastics');
INSERT INTO TEAMS (ID, NAME) VALUES (2, 'The Mathletes');

INSERT INTO SEASONS (ID, YEAR, TYPE) VALUES (1, 2015, 'regular');
INSERT INTO SEASONS (ID, YEAR, TYPE) VALUES (2, 2016, 'regular');

INSERT INTO PLAYS_FOR (PLAYER_ID, SEASON_ID, TEAM_ID)  VALUES (0, 1, 1);
INSERT INTO PLAYS_FOR (PLAYER_ID, SEASON_ID, TEAM_ID)  VALUES (1, 1, 1);
INSERT INTO PLAYS_FOR (PLAYER_ID, SEASON_ID, TEAM_ID)  VALUES (2, 1, 1);
INSERT INTO PLAYS_FOR (PLAYER_ID, SEASON_ID, TEAM_ID)  VALUES (3, 1, 1);
INSERT INTO PLAYS_FOR (PLAYER_ID, SEASON_ID, TEAM_ID)  VALUES (4, 1, 1);
INSERT INTO PLAYS_FOR (PLAYER_ID, SEASON_ID, TEAM_ID)  VALUES (5, 1, 1);
INSERT INTO PLAYS_FOR (PLAYER_ID, SEASON_ID, TEAM_ID)  VALUES (6, 1, 1);
INSERT INTO PLAYS_FOR (PLAYER_ID, SEASON_ID, TEAM_ID)  VALUES (7, 1, 1);
INSERT INTO PLAYS_FOR (PLAYER_ID, SEASON_ID, TEAM_ID)  VALUES (8, 1, 1);
INSERT INTO PLAYS_FOR (PLAYER_ID, SEASON_ID, TEAM_ID)  VALUES (9, 1, 1);

INSERT INTO PLAYS_FOR (PLAYER_ID, SEASON_ID, TEAM_ID)  VALUES (10, 1, 2);
INSERT INTO PLAYS_FOR (PLAYER_ID, SEASON_ID, TEAM_ID)  VALUES (11, 1, 2);
INSERT INTO PLAYS_FOR (PLAYER_ID, SEASON_ID, TEAM_ID)  VALUES (12, 1, 2);
INSERT INTO PLAYS_FOR (PLAYER_ID, SEASON_ID, TEAM_ID)  VALUES (13, 1, 2);
INSERT INTO PLAYS_FOR (PLAYER_ID, SEASON_ID, TEAM_ID)  VALUES (14, 1, 2);
INSERT INTO PLAYS_FOR (PLAYER_ID, SEASON_ID, TEAM_ID)  VALUES (15, 1, 2);
INSERT INTO PLAYS_FOR (PLAYER_ID, SEASON_ID, TEAM_ID)  VALUES (16, 1, 2);
INSERT INTO PLAYS_FOR (PLAYER_ID, SEASON_ID, TEAM_ID)  VALUES (17, 1, 2);
INSERT INTO PLAYS_FOR (PLAYER_ID, SEASON_ID, TEAM_ID)  VALUES (18, 1, 2);
INSERT INTO PLAYS_FOR (PLAYER_ID, SEASON_ID, TEAM_ID)  VALUES (19, 1, 2);
INSERT INTO PLAYS_FOR (PLAYER_ID, SEASON_ID, TEAM_ID)  VALUES (20, 1, 2);

INSERT INTO PLAYS_FOR (PLAYER_ID, SEASON_ID, TEAM_ID)  VALUES (0, 2, 1);
INSERT INTO PLAYS_FOR (PLAYER_ID, SEASON_ID, TEAM_ID)  VALUES (1, 2, 1);
INSERT INTO PLAYS_FOR (PLAYER_ID, SEASON_ID, TEAM_ID)  VALUES (2, 2, 1);
INSERT INTO PLAYS_FOR (PLAYER_ID, SEASON_ID, TEAM_ID)  VALUES (3, 2, 1);
INSERT INTO PLAYS_FOR (PLAYER_ID, SEASON_ID, TEAM_ID)  VALUES (4, 2, 1);
INSERT INTO PLAYS_FOR (PLAYER_ID, SEASON_ID, TEAM_ID)  VALUES (5, 2, 1);
INSERT INTO PLAYS_FOR (PLAYER_ID, SEASON_ID, TEAM_ID)  VALUES (6, 2, 1);
INSERT INTO PLAYS_FOR (PLAYER_ID, SEASON_ID, TEAM_ID)  VALUES (7, 2, 2);
INSERT INTO PLAYS_FOR (PLAYER_ID, SEASON_ID, TEAM_ID)  VALUES (8, 2, 2);
INSERT INTO PLAYS_FOR (PLAYER_ID, SEASON_ID, TEAM_ID)  VALUES (9, 2, 2);

INSERT INTO PLAYS_FOR (PLAYER_ID, SEASON_ID, TEAM_ID)  VALUES (10, 2, 1);
INSERT INTO PLAYS_FOR (PLAYER_ID, SEASON_ID, TEAM_ID)  VALUES (11, 2, 1);
INSERT INTO PLAYS_FOR (PLAYER_ID, SEASON_ID, TEAM_ID)  VALUES (12, 2, 2);
INSERT INTO PLAYS_FOR (PLAYER_ID, SEASON_ID, TEAM_ID)  VALUES (13, 2, 2);
INSERT INTO PLAYS_FOR (PLAYER_ID, SEASON_ID, TEAM_ID)  VALUES (14, 2, 2);
INSERT INTO PLAYS_FOR (PLAYER_ID, SEASON_ID, TEAM_ID)  VALUES (15, 2, 1);
INSERT INTO PLAYS_FOR (PLAYER_ID, SEASON_ID, TEAM_ID)  VALUES (16, 2, 1);
INSERT INTO PLAYS_FOR (PLAYER_ID, SEASON_ID, TEAM_ID)  VALUES (17, 2, 2);
INSERT INTO PLAYS_FOR (PLAYER_ID, SEASON_ID, TEAM_ID)  VALUES (18, 2, 2);
INSERT INTO PLAYS_FOR (PLAYER_ID, SEASON_ID, TEAM_ID)  VALUES (19, 2, 2);
INSERT INTO PLAYS_FOR (PLAYER_ID, SEASON_ID, TEAM_ID)  VALUES (20, 2, 2);


INSERT INTO GAMES (ID, HOME_TEAM_ID, VISITOR_TEAM_ID, SEASON_ID, HOME_SCORE, VISITOR_SCORE, GAME_LOCATION, GAME_DATE)
VALUES (1, 1, 2, 1, 5, 2, 'Rosedale Park', TO_DATE('15-OCT-4 18:30','YY-MON-DD HH24:MI'));
INSERT INTO GAMES (ID, HOME_TEAM_ID, VISITOR_TEAM_ID, SEASON_ID, HOME_SCORE, VISITOR_SCORE, GAME_LOCATION, GAME_DATE)
VALUES (2, 1, 2, 1, 3, 6, 'Christie Pits Park', TO_DATE('15-OCT-11 18:30','YY-MON-DD HH24:MI'));
INSERT INTO GAMES (ID, HOME_TEAM_ID, VISITOR_TEAM_ID, SEASON_ID, HOME_SCORE, VISITOR_SCORE, GAME_LOCATION, GAME_DATE)
VALUES (3, 2, 1, 1, 2, 2, 'Highview Park', TO_DATE('15-OCT-18 18:30','YY-MON-DD HH24:MI'));
INSERT INTO GAMES (ID, HOME_TEAM_ID, VISITOR_TEAM_ID, SEASON_ID, HOME_SCORE, VISITOR_SCORE, GAME_LOCATION, GAME_DATE)
VALUES (4, 2, 1, 1, 3, 2, 'Highview Park', TO_DATE('15-OCT-25 18:30','YY-MON-DD HH24:MI'));

INSERT INTO GAMES (ID, HOME_TEAM_ID, VISITOR_TEAM_ID, SEASON_ID, HOME_SCORE, VISITOR_SCORE, GAME_LOCATION, GAME_DATE)
VALUES (5, 1, 2, 2, 8, 2, 'Rosedale Park', TO_DATE('16-OCT-4 18:30','YY-MON-DD HH24:MI'));
INSERT INTO GAMES (ID, HOME_TEAM_ID, VISITOR_TEAM_ID, SEASON_ID, HOME_SCORE, VISITOR_SCORE, GAME_LOCATION, GAME_DATE)
VALUES (6, 1, 2, 2, 2, 3, 'Rosedale Park', TO_DATE('16-OCT-12 18:30','YY-MON-DD HH24:MI'));
INSERT INTO GAMES (ID, HOME_TEAM_ID, VISITOR_TEAM_ID, SEASON_ID, HOME_SCORE, VISITOR_SCORE, GAME_LOCATION, GAME_DATE)
VALUES (7, 1, 2, 2, 2, 4, 'Rosedale Park', TO_DATE('16-OCT-18 18:30','YY-MON-DD HH24:MI'));
INSERT INTO GAMES (ID, HOME_TEAM_ID, VISITOR_TEAM_ID, SEASON_ID, HOME_SCORE, VISITOR_SCORE, GAME_LOCATION, GAME_DATE)
VALUES (8, 1, 2, 2, 1, 5, 'Rosedale Park', TO_DATE('16-OCT-25 18:30', 'YY-MON-DD HH24:MI'));


-- INSERT INTO STATISTICS (PLAYER_ID, GAME_ID, AB, H, R, RBI, "1B", "2B", "3B", HR) VALUES
--game 1
INSERT INTO STATISTICS (PLAYER_ID, GAME_ID, AB, H, R, RBI, "1B", "2B", "3B", HR) VALUES (0, 1, 7, 2, 1, 1, 0, 0, 0, 0);
INSERT INTO STATISTICS (PLAYER_ID, GAME_ID, AB, H, R, RBI, "1B", "2B", "3B", HR) VALUES (1, 1, 7, 3, 2, 3, 0, 0, 1, 1);
INSERT INTO STATISTICS (PLAYER_ID, GAME_ID, AB, H, R, RBI, "1B", "2B", "3B", HR) VALUES (2, 1, 7, 4, 0, 0, 0, 1, 0, 0);
INSERT INTO STATISTICS (PLAYER_ID, GAME_ID, AB, H, R, RBI, "1B", "2B", "3B", HR) VALUES (3, 1, 7, 5, 0, 0, 0, 0, 0, 0);
INSERT INTO STATISTICS (PLAYER_ID, GAME_ID, AB, H, R, RBI, "1B", "2B", "3B", HR) VALUES (4, 1, 6, 3, 1, 0, 1, 2, 0, 0);
INSERT INTO STATISTICS (PLAYER_ID, GAME_ID, AB, H, R, RBI, "1B", "2B", "3B", HR) VALUES (5, 1, 6, 2, 0, 0, 0, 0, 0, 0);
INSERT INTO STATISTICS (PLAYER_ID, GAME_ID, AB, H, R, RBI, "1B", "2B", "3B", HR) VALUES (6, 1, 6, 3, 0, 0, 0, 0, 0, 0);
INSERT INTO STATISTICS (PLAYER_ID, GAME_ID, AB, H, R, RBI, "1B", "2B", "3B", HR) VALUES (7, 1, 6, 3, 1, 0, 1, 0, 0, 0);
INSERT INTO STATISTICS (PLAYER_ID, GAME_ID, AB, H, R, RBI, "1B", "2B", "3B", HR) VALUES (8, 1, 6, 3, 0, 0, 0, 1, 0, 0);
INSERT INTO STATISTICS (PLAYER_ID, GAME_ID, AB, H, R, RBI, "1B", "2B", "3B", HR) VALUES (9, 1, 6, 5, 0, 0, 0, 0, 0, 0);

INSERT INTO STATISTICS (PLAYER_ID, GAME_ID, AB, H, R, RBI, "1B", "2B", "3B", HR) VALUES (10, 1, 7, 2, 0, 0, 0, 0, 0, 0);
INSERT INTO STATISTICS (PLAYER_ID, GAME_ID, AB, H, R, RBI, "1B", "2B", "3B", HR) VALUES (11, 1, 7, 3, 0, 0, 0, 0, 0, 0);
INSERT INTO STATISTICS (PLAYER_ID, GAME_ID, AB, H, R, RBI, "1B", "2B", "3B", HR) VALUES (12, 1, 6, 2, 0, 0, 0, 0, 0, 0);
INSERT INTO STATISTICS (PLAYER_ID, GAME_ID, AB, H, R, RBI, "1B", "2B", "3B", HR) VALUES (13, 1, 6, 1, 0, 0, 1, 0, 0, 0);
INSERT INTO STATISTICS (PLAYER_ID, GAME_ID, AB, H, R, RBI, "1B", "2B", "3B", HR) VALUES (14, 1, 6, 3, 0, 0, 0, 0, 0, 0);
INSERT INTO STATISTICS (PLAYER_ID, GAME_ID, AB, H, R, RBI, "1B", "2B", "3B", HR) VALUES (15, 1, 6, 2, 0, 0, 0, 0, 0, 0);
INSERT INTO STATISTICS (PLAYER_ID, GAME_ID, AB, H, R, RBI, "1B", "2B", "3B", HR) VALUES (16, 1, 6, 1, 0, 0, 0, 0, 0, 0);
INSERT INTO STATISTICS (PLAYER_ID, GAME_ID, AB, H, R, RBI, "1B", "2B", "3B", HR) VALUES (17, 1, 6, 2, 1, 1, 1, 0, 0, 0);
INSERT INTO STATISTICS (PLAYER_ID, GAME_ID, AB, H, R, RBI, "1B", "2B", "3B", HR) VALUES (18, 1, 6, 2, 0, 0, 0, 0, 0, 0);
INSERT INTO STATISTICS (PLAYER_ID, GAME_ID, AB, H, R, RBI, "1B", "2B", "3B", HR) VALUES (19, 1, 6, 3, 1, 0, 0, 0, 0, 0);

--game 2
-- INSERT INTO STATISTICS (PLAYER_ID, GAME_ID, AB, H, R, RBI, "1B", "2B", "3B", HR) VALUES
INSERT INTO STATISTICS (PLAYER_ID, GAME_ID, AB, H, R, RBI, "1B", "2B", "3B", HR) VALUES (0, 2, 7, 5, 1, 1, 0, 0, 0, 1);
INSERT INTO STATISTICS (PLAYER_ID, GAME_ID, AB, H, R, RBI, "1B", "2B", "3B", HR) VALUES (1, 2, 7, 5, 0, 0, 0, 0, 0, 0);
INSERT INTO STATISTICS (PLAYER_ID, GAME_ID, AB, H, R, RBI, "1B", "2B", "3B", HR) VALUES (2, 2, 7, 5, 1, 0, 1, 0, 0, 0);
INSERT INTO STATISTICS (PLAYER_ID, GAME_ID, AB, H, R, RBI, "1B", "2B", "3B", HR) VALUES (3, 2, 7, 5, 0, 0, 0, 0, 0, 0);
INSERT INTO STATISTICS (PLAYER_ID, GAME_ID, AB, H, R, RBI, "1B", "2B", "3B", HR) VALUES (4, 2, 6, 5, 1, 0, 1, 0, 0, 1);
INSERT INTO STATISTICS (PLAYER_ID, GAME_ID, AB, H, R, RBI, "1B", "2B", "3B", HR) VALUES (5, 2, 6, 5, 0, 0, 1, 0, 0, 0);
INSERT INTO STATISTICS (PLAYER_ID, GAME_ID, AB, H, R, RBI, "1B", "2B", "3B", HR) VALUES (6, 2, 6, 5, 0, 0, 0, 0, 0, 0);
INSERT INTO STATISTICS (PLAYER_ID, GAME_ID, AB, H, R, RBI, "1B", "2B", "3B", HR) VALUES (7, 2, 6, 5, 0, 0, 0, 0, 0, 0);
INSERT INTO STATISTICS (PLAYER_ID, GAME_ID, AB, H, R, RBI, "1B", "2B", "3B", HR) VALUES (8, 2, 6, 5, 0, 0, 0, 0, 0, 0);
INSERT INTO STATISTICS (PLAYER_ID, GAME_ID, AB, H, R, RBI, "1B", "2B", "3B", HR) VALUES (9, 2, 6, 5, 0, 0, 1, 0, 0, 0);

INSERT INTO STATISTICS (PLAYER_ID, GAME_ID, AB, H, R, RBI, "1B", "2B", "3B", HR) VALUES (10, 2, 7, 1, 1, 1, 0, 1, 0, 0);
INSERT INTO STATISTICS (PLAYER_ID, GAME_ID, AB, H, R, RBI, "1B", "2B", "3B", HR) VALUES (11, 2, 7, 1, 0, 0, 0, 0, 0, 0);
INSERT INTO STATISTICS (PLAYER_ID, GAME_ID, AB, H, R, RBI, "1B", "2B", "3B", HR) VALUES (12, 2, 6, 2, 0, 0, 0, 0, 0, 0);
INSERT INTO STATISTICS (PLAYER_ID, GAME_ID, AB, H, R, RBI, "1B", "2B", "3B", HR) VALUES (13, 2, 6, 4, 0, 0, 0, 0, 0, 0);
INSERT INTO STATISTICS (PLAYER_ID, GAME_ID, AB, H, R, RBI, "1B", "2B", "3B", HR) VALUES (14, 2, 6, 2, 2, 1, 0, 0, 1, 1);
INSERT INTO STATISTICS (PLAYER_ID, GAME_ID, AB, H, R, RBI, "1B", "2B", "3B", HR) VALUES (15, 2, 6, 3, 0, 0, 0, 0, 0, 0);
INSERT INTO STATISTICS (PLAYER_ID, GAME_ID, AB, H, R, RBI, "1B", "2B", "3B", HR) VALUES (16, 2, 6, 2, 0, 0, 0, 0, 0, 0);
INSERT INTO STATISTICS (PLAYER_ID, GAME_ID, AB, H, R, RBI, "1B", "2B", "3B", HR) VALUES (17, 2, 6, 1, 0, 0, 1, 0, 0, 0);
INSERT INTO STATISTICS (PLAYER_ID, GAME_ID, AB, H, R, RBI, "1B", "2B", "3B", HR) VALUES (18, 2, 6, 1, 0, 0, 1, 0, 0, 0);
INSERT INTO STATISTICS (PLAYER_ID, GAME_ID, AB, H, R, RBI, "1B", "2B", "3B", HR) VALUES (19, 2, 6, 1, 0, 1, 0, 0, 0, 0);

--game 3
-- INSERT INTO STATISTICS (PLAYER_ID, GAME_ID, AB, H, R, RBI, "1B", "2B", "3B", HR) VALUES
INSERT INTO STATISTICS (PLAYER_ID, GAME_ID, AB, H, R, RBI, "1B", "2B", "3B", HR) VALUES (0, 3, 7, 1, 1, 1, 0, 0, 1, 1);
INSERT INTO STATISTICS (PLAYER_ID, GAME_ID, AB, H, R, RBI, "1B", "2B", "3B", HR) VALUES (1, 3, 7, 1, 0, 0, 0, 0, 0, 0);
INSERT INTO STATISTICS (PLAYER_ID, GAME_ID, AB, H, R, RBI, "1B", "2B", "3B", HR) VALUES (2, 3, 7, 2, 0, 0, 0, 0, 0, 0);
INSERT INTO STATISTICS (PLAYER_ID, GAME_ID, AB, H, R, RBI, "1B", "2B", "3B", HR) VALUES (3, 3, 7, 3, 1, 0, 0, 0, 0, 0);
INSERT INTO STATISTICS (PLAYER_ID, GAME_ID, AB, H, R, RBI, "1B", "2B", "3B", HR) VALUES (4, 3, 6, 4, 0, 0, 0, 0, 0, 0);
INSERT INTO STATISTICS (PLAYER_ID, GAME_ID, AB, H, R, RBI, "1B", "2B", "3B", HR) VALUES (5, 3, 6, 2, 0, 2, 0, 0, 0, 1);
INSERT INTO STATISTICS (PLAYER_ID, GAME_ID, AB, H, R, RBI, "1B", "2B", "3B", HR) VALUES (6, 3, 6, 2, 0, 2, 0, 0, 0, 0);
INSERT INTO STATISTICS (PLAYER_ID, GAME_ID, AB, H, R, RBI, "1B", "2B", "3B", HR) VALUES (7, 3, 6, 2, 0, 2, 0, 0, 0, 0);
INSERT INTO STATISTICS (PLAYER_ID, GAME_ID, AB, H, R, RBI, "1B", "2B", "3B", HR) VALUES (8, 3, 6, 4, 0, 0, 0, 0, 0, 0);
INSERT INTO STATISTICS (PLAYER_ID, GAME_ID, AB, H, R, RBI, "1B", "2B", "3B", HR) VALUES (9, 3, 6, 2, 0, 0, 0, 0, 0, 0);

INSERT INTO STATISTICS (PLAYER_ID, GAME_ID, AB, H, R, RBI, "1B", "2B", "3B", HR) VALUES (10, 3, 7, 3, 0, 0, 0, 0, 0, 0);
INSERT INTO STATISTICS (PLAYER_ID, GAME_ID, AB, H, R, RBI, "1B", "2B", "3B", HR) VALUES (11, 3, 7, 3, 1, 1, 0, 0, 0, 1);
INSERT INTO STATISTICS (PLAYER_ID, GAME_ID, AB, H, R, RBI, "1B", "2B", "3B", HR) VALUES (12, 3, 6, 3, 0, 0, 0, 0, 0, 0);
INSERT INTO STATISTICS (PLAYER_ID, GAME_ID, AB, H, R, RBI, "1B", "2B", "3B", HR) VALUES (13, 3, 6, 3, 0, 0, 0, 0, 0, 0);
INSERT INTO STATISTICS (PLAYER_ID, GAME_ID, AB, H, R, RBI, "1B", "2B", "3B", HR) VALUES (14, 3, 6, 3, 0, 0, 0, 0, 0, 0);
INSERT INTO STATISTICS (PLAYER_ID, GAME_ID, AB, H, R, RBI, "1B", "2B", "3B", HR) VALUES (15, 3, 6, 3, 0, 0, 0, 0, 0, 0);
INSERT INTO STATISTICS (PLAYER_ID, GAME_ID, AB, H, R, RBI, "1B", "2B", "3B", HR) VALUES (16, 3, 6, 3, 1, 0, 1, 0, 0, 0);
INSERT INTO STATISTICS (PLAYER_ID, GAME_ID, AB, H, R, RBI, "1B", "2B", "3B", HR) VALUES (17, 3, 6, 3, 0, 0, 0, 0, 0, 0);
INSERT INTO STATISTICS (PLAYER_ID, GAME_ID, AB, H, R, RBI, "1B", "2B", "3B", HR) VALUES (18, 3, 6, 3, 0, 0, 0, 0, 0, 0);
INSERT INTO STATISTICS (PLAYER_ID, GAME_ID, AB, H, R, RBI, "1B", "2B", "3B", HR) VALUES (19, 3, 6, 3, 0, 0, 0, 0, 0, 0);

--game 4
-- INSERT INTO STATISTICS (PLAYER_ID, GAME_ID, AB, H, R, RBI, "1B", "2B", "3B", HR) VALUES
INSERT INTO STATISTICS (PLAYER_ID, GAME_ID, AB, H, R, RBI, "1B", "2B", "3B", HR) VALUES (0, 4, 7, 4, 0, 0, 0, 0, 0, 0);
INSERT INTO STATISTICS (PLAYER_ID, GAME_ID, AB, H, R, RBI, "1B", "2B", "3B", HR) VALUES (1, 4, 7, 4, 0, 0, 0, 0, 0, 0);
INSERT INTO STATISTICS (PLAYER_ID, GAME_ID, AB, H, R, RBI, "1B", "2B", "3B", HR) VALUES (2, 4, 7, 4, 0, 0, 0, 0, 0, 0);
INSERT INTO STATISTICS (PLAYER_ID, GAME_ID, AB, H, R, RBI, "1B", "2B", "3B", HR) VALUES (3, 4, 7, 4, 1, 1, 0, 0, 1, 0);
INSERT INTO STATISTICS (PLAYER_ID, GAME_ID, AB, H, R, RBI, "1B", "2B", "3B", HR) VALUES (4, 4, 6, 4, 0, 0, 0, 0, 0, 0);
INSERT INTO STATISTICS (PLAYER_ID, GAME_ID, AB, H, R, RBI, "1B", "2B", "3B", HR) VALUES (5, 4, 6, 4, 1, 0, 1, 0, 0, 0);
INSERT INTO STATISTICS (PLAYER_ID, GAME_ID, AB, H, R, RBI, "1B", "2B", "3B", HR) VALUES (6, 4, 6, 4, 0, 1, 1, 0, 0, 0);
INSERT INTO STATISTICS (PLAYER_ID, GAME_ID, AB, H, R, RBI, "1B", "2B", "3B", HR) VALUES (7, 4, 6, 4, 0, 0, 0, 0, 0, 0);
INSERT INTO STATISTICS (PLAYER_ID, GAME_ID, AB, H, R, RBI, "1B", "2B", "3B", HR) VALUES (8, 4, 6, 4, 0, 0, 0, 0, 0, 0);
INSERT INTO STATISTICS (PLAYER_ID, GAME_ID, AB, H, R, RBI, "1B", "2B", "3B", HR) VALUES (9, 4, 6, 4, 0, 0, 0, 0, 0, 0);

INSERT INTO STATISTICS (PLAYER_ID, GAME_ID, AB, H, R, RBI, "1B", "2B", "3B", HR) VALUES (10, 4, 7, 5, 0, 0, 0, 0, 0, 0);
INSERT INTO STATISTICS (PLAYER_ID, GAME_ID, AB, H, R, RBI, "1B", "2B", "3B", HR) VALUES (11, 4, 7, 5, 0, 2, 0, 1, 0, 0);
INSERT INTO STATISTICS (PLAYER_ID, GAME_ID, AB, H, R, RBI, "1B", "2B", "3B", HR) VALUES (12, 4, 6, 5, 1, 0, 0, 1, 0, 0);
INSERT INTO STATISTICS (PLAYER_ID, GAME_ID, AB, H, R, RBI, "1B", "2B", "3B", HR) VALUES (13, 4, 6, 5, 0, 0, 0, 0, 0, 0);
INSERT INTO STATISTICS (PLAYER_ID, GAME_ID, AB, H, R, RBI, "1B", "2B", "3B", HR) VALUES (14, 4, 6, 5, 0, 0, 0, 0, 0, 0);
INSERT INTO STATISTICS (PLAYER_ID, GAME_ID, AB, H, R, RBI, "1B", "2B", "3B", HR) VALUES (15, 4, 6, 5, 0, 0, 0, 0, 0, 0);
INSERT INTO STATISTICS (PLAYER_ID, GAME_ID, AB, H, R, RBI, "1B", "2B", "3B", HR) VALUES (16, 4, 6, 5, 0, 0, 0, 0, 0, 0);
INSERT INTO STATISTICS (PLAYER_ID, GAME_ID, AB, H, R, RBI, "1B", "2B", "3B", HR) VALUES (17, 4, 6, 5, 1, 1, 0, 0, 0, 0);
INSERT INTO STATISTICS (PLAYER_ID, GAME_ID, AB, H, R, RBI, "1B", "2B", "3B", HR) VALUES (18, 4, 6, 5, 0, 0, 0, 0, 0, 0);
INSERT INTO STATISTICS (PLAYER_ID, GAME_ID, AB, H, R, RBI, "1B", "2B", "3B", HR) VALUES (19, 4, 6, 5, 0, 0, 0, 0, 0, 0);


--season 2
--game 5
INSERT INTO STATISTICS (PLAYER_ID, GAME_ID, AB, H, R, RBI, "1B", "2B", "3B", HR) VALUES (0, 5, 5, 4, 1, 3, 0, 0, 0, 1);
INSERT INTO STATISTICS (PLAYER_ID, GAME_ID, AB, H, R, RBI, "1B", "2B", "3B", HR) VALUES (1, 5, 5, 4, 0, 0, 0, 0, 0, 0);
INSERT INTO STATISTICS (PLAYER_ID, GAME_ID, AB, H, R, RBI, "1B", "2B", "3B", HR) VALUES (2, 5, 5, 4, 0, 0, 0, 0, 0, 0);
INSERT INTO STATISTICS (PLAYER_ID, GAME_ID, AB, H, R, RBI, "1B", "2B", "3B", HR) VALUES (3, 5, 5, 4, 1, 1, 1, 0, 0, 0);
INSERT INTO STATISTICS (PLAYER_ID, GAME_ID, AB, H, R, RBI, "1B", "2B", "3B", HR) VALUES (4, 5, 5, 4, 1, 1, 1, 0, 0, 0);
INSERT INTO STATISTICS (PLAYER_ID, GAME_ID, AB, H, R, RBI, "1B", "2B", "3B", HR) VALUES (5, 5, 5, 4, 1, 1, 0, 1, 0, 0);
INSERT INTO STATISTICS (PLAYER_ID, GAME_ID, AB, H, R, RBI, "1B", "2B", "3B", HR) VALUES (6, 5, 5, 4, 1, 1, 2, 0, 0, 0);
INSERT INTO STATISTICS (PLAYER_ID, GAME_ID, AB, H, R, RBI, "1B", "2B", "3B", HR) VALUES (10, 5, 5, 4, 2, 1, 1, 0, 0, 0);
INSERT INTO STATISTICS (PLAYER_ID, GAME_ID, AB, H, R, RBI, "1B", "2B", "3B", HR) VALUES (11, 5, 5, 4, 1, 0, 1, 0, 0, 0);
INSERT INTO STATISTICS (PLAYER_ID, GAME_ID, AB, H, R, RBI, "1B", "2B", "3B", HR) VALUES (15, 5, 5, 4, 1, 0, 0, 1, 0, 0);

INSERT INTO STATISTICS (PLAYER_ID, GAME_ID, AB, H, R, RBI, "1B", "2B", "3B", HR) VALUES (7, 5, 5, 4, 0, 0, 0, 0, 0, 0);
INSERT INTO STATISTICS (PLAYER_ID, GAME_ID, AB, H, R, RBI, "1B", "2B", "3B", HR) VALUES (8, 5, 5, 4, 1, 1, 0, 1, 0, 0);
INSERT INTO STATISTICS (PLAYER_ID, GAME_ID, AB, H, R, RBI, "1B", "2B", "3B", HR) VALUES (9, 5, 5, 4, 0, 0, 0, 0, 0, 0);
INSERT INTO STATISTICS (PLAYER_ID, GAME_ID, AB, H, R, RBI, "1B", "2B", "3B", HR) VALUES (12, 5, 5, 4, 0, 0, 0, 0, 0, 0);
INSERT INTO STATISTICS (PLAYER_ID, GAME_ID, AB, H, R, RBI, "1B", "2B", "3B", HR) VALUES (13, 5, 5, 4, 0, 0, 0, 0, 0, 0);
INSERT INTO STATISTICS (PLAYER_ID, GAME_ID, AB, H, R, RBI, "1B", "2B", "3B", HR) VALUES (14, 5, 5, 4, 0, 0, 0, 0, 0, 0);
INSERT INTO STATISTICS (PLAYER_ID, GAME_ID, AB, H, R, RBI, "1B", "2B", "3B", HR) VALUES (17, 5, 5, 4, 0, 0, 0, 0, 0, 0);
INSERT INTO STATISTICS (PLAYER_ID, GAME_ID, AB, H, R, RBI, "1B", "2B", "3B", HR) VALUES (18, 5, 5, 4, 0, 0, 0, 0, 0, 0);
INSERT INTO STATISTICS (PLAYER_ID, GAME_ID, AB, H, R, RBI, "1B", "2B", "3B", HR) VALUES (19, 5, 5, 4, 0, 0, 0, 0, 0, 0);
INSERT INTO STATISTICS (PLAYER_ID, GAME_ID, AB, H, R, RBI, "1B", "2B", "3B", HR) VALUES (20, 5, 5, 4, 1, 1, 0, 0, 0, 0);

--game 6
INSERT INTO STATISTICS (PLAYER_ID, GAME_ID, AB, H, R, RBI, "1B", "2B", "3B", HR) VALUES (0, 6, 5, 4, 0, 0, 0, 0, 0, 0);
INSERT INTO STATISTICS (PLAYER_ID, GAME_ID, AB, H, R, RBI, "1B", "2B", "3B", HR) VALUES (1, 6, 5, 4, 0, 0, 0, 0, 0, 0);
INSERT INTO STATISTICS (PLAYER_ID, GAME_ID, AB, H, R, RBI, "1B", "2B", "3B", HR) VALUES (2, 6, 5, 4, 0, 1, 0, 1, 0, 0);
INSERT INTO STATISTICS (PLAYER_ID, GAME_ID, AB, H, R, RBI, "1B", "2B", "3B", HR) VALUES (3, 6, 5, 4, 0, 0, 0, 0, 0, 0);
INSERT INTO STATISTICS (PLAYER_ID, GAME_ID, AB, H, R, RBI, "1B", "2B", "3B", HR) VALUES (4, 6, 5, 4, 0, 0, 0, 0, 0, 0);
INSERT INTO STATISTICS (PLAYER_ID, GAME_ID, AB, H, R, RBI, "1B", "2B", "3B", HR) VALUES (5, 6, 5, 4, 1, 1, 0, 1, 0, 0);
INSERT INTO STATISTICS (PLAYER_ID, GAME_ID, AB, H, R, RBI, "1B", "2B", "3B", HR) VALUES (6, 6, 5, 4, 0, 0, 0, 0, 0, 0);
INSERT INTO STATISTICS (PLAYER_ID, GAME_ID, AB, H, R, RBI, "1B", "2B", "3B", HR) VALUES (10, 6, 5, 4, 0, 0, 1, 0, 0, 0);
INSERT INTO STATISTICS (PLAYER_ID, GAME_ID, AB, H, R, RBI, "1B", "2B", "3B", HR) VALUES (11, 6, 5, 4, 0, 0, 0, 0, 0, 0);
INSERT INTO STATISTICS (PLAYER_ID, GAME_ID, AB, H, R, RBI, "1B", "2B", "3B", HR) VALUES (15, 6, 5, 4, 0, 0, 0, 0, 0, 0);

INSERT INTO STATISTICS (PLAYER_ID, GAME_ID, AB, H, R, RBI, "1B", "2B", "3B", HR) VALUES (7, 6, 5, 4, 0, 0, 0, 0, 0, 0);
INSERT INTO STATISTICS (PLAYER_ID, GAME_ID, AB, H, R, RBI, "1B", "2B", "3B", HR) VALUES (8, 6, 5, 4, 0, 0, 0, 0, 0, 0);
INSERT INTO STATISTICS (PLAYER_ID, GAME_ID, AB, H, R, RBI, "1B", "2B", "3B", HR) VALUES (9, 6, 5, 4, 2, 1, 1, 0, 0, 1);
INSERT INTO STATISTICS (PLAYER_ID, GAME_ID, AB, H, R, RBI, "1B", "2B", "3B", HR) VALUES (12, 6, 5, 4, 0, 0, 0, 0, 0, 0);
INSERT INTO STATISTICS (PLAYER_ID, GAME_ID, AB, H, R, RBI, "1B", "2B", "3B", HR) VALUES (13, 6, 5, 4, 0, 1, 0, 0, 1, 0);
INSERT INTO STATISTICS (PLAYER_ID, GAME_ID, AB, H, R, RBI, "1B", "2B", "3B", HR) VALUES (14, 6, 5, 4, 0, 0, 0, 0, 0, 0);
INSERT INTO STATISTICS (PLAYER_ID, GAME_ID, AB, H, R, RBI, "1B", "2B", "3B", HR) VALUES (17, 6, 5, 4, 1, 0, 1, 0, 0, 0);
INSERT INTO STATISTICS (PLAYER_ID, GAME_ID, AB, H, R, RBI, "1B", "2B", "3B", HR) VALUES (18, 6, 5, 4, 0, 0, 0, 0, 0, 0);
INSERT INTO STATISTICS (PLAYER_ID, GAME_ID, AB, H, R, RBI, "1B", "2B", "3B", HR) VALUES (19, 6, 5, 4, 0, 0, 0, 0, 0, 0);
INSERT INTO STATISTICS (PLAYER_ID, GAME_ID, AB, H, R, RBI, "1B", "2B", "3B", HR) VALUES (20, 6, 5, 4, 0, 0, 0, 0, 0, 0);

--game 7
INSERT INTO STATISTICS (PLAYER_ID, GAME_ID, AB, H, R, RBI, "1B", "2B", "3B", HR) VALUES (0, 7, 5, 4, 0, 0, 0, 0, 0, 0);
INSERT INTO STATISTICS (PLAYER_ID, GAME_ID, AB, H, R, RBI, "1B", "2B", "3B", HR) VALUES (1, 7, 5, 4, 0, 0, 0, 0, 0, 0);
INSERT INTO STATISTICS (PLAYER_ID, GAME_ID, AB, H, R, RBI, "1B", "2B", "3B", HR) VALUES (2, 7, 5, 4, 1, 0, 0, 0, 0, 1);
INSERT INTO STATISTICS (PLAYER_ID, GAME_ID, AB, H, R, RBI, "1B", "2B", "3B", HR) VALUES (3, 7, 5, 4, 0, 0, 0, 0, 0, 0);
INSERT INTO STATISTICS (PLAYER_ID, GAME_ID, AB, H, R, RBI, "1B", "2B", "3B", HR) VALUES (4, 7, 5, 4, 0, 0, 0, 0, 0, 0);
INSERT INTO STATISTICS (PLAYER_ID, GAME_ID, AB, H, R, RBI, "1B", "2B", "3B", HR) VALUES (5, 7, 5, 4, 0, 0, 1, 0, 0, 0);
INSERT INTO STATISTICS (PLAYER_ID, GAME_ID, AB, H, R, RBI, "1B", "2B", "3B", HR) VALUES (6, 7, 5, 4, 0, 0, 0, 0, 0, 0);
INSERT INTO STATISTICS (PLAYER_ID, GAME_ID, AB, H, R, RBI, "1B", "2B", "3B", HR) VALUES (10, 7, 5, 4, 0, 0, 0, 1, 0, 0);
INSERT INTO STATISTICS (PLAYER_ID, GAME_ID, AB, H, R, RBI, "1B", "2B", "3B", HR) VALUES (11, 7, 5, 4, 0, 1, 0, 0, 1, 0);
INSERT INTO STATISTICS (PLAYER_ID, GAME_ID, AB, H, R, RBI, "1B", "2B", "3B", HR) VALUES (15, 7, 5, 4, 1, 0, 0, 0, 0, 0);

INSERT INTO STATISTICS (PLAYER_ID, GAME_ID, AB, H, R, RBI, "1B", "2B", "3B", HR) VALUES (7, 7, 5, 4, 0, 0, 0, 0, 0, 0);
INSERT INTO STATISTICS (PLAYER_ID, GAME_ID, AB, H, R, RBI, "1B", "2B", "3B", HR) VALUES (8, 7, 5, 4, 0, 1, 0, 0, 1, 0);
INSERT INTO STATISTICS (PLAYER_ID, GAME_ID, AB, H, R, RBI, "1B", "2B", "3B", HR) VALUES (9, 7, 5, 4, 0, 0, 0, 0, 0, 0);
INSERT INTO STATISTICS (PLAYER_ID, GAME_ID, AB, H, R, RBI, "1B", "2B", "3B", HR) VALUES (12, 7, 5, 4, 0, 0, 0, 0, 0, 0);
INSERT INTO STATISTICS (PLAYER_ID, GAME_ID, AB, H, R, RBI, "1B", "2B", "3B", HR) VALUES (13, 7, 5, 4, 1, 2, 0, 0, 0, 1);
INSERT INTO STATISTICS (PLAYER_ID, GAME_ID, AB, H, R, RBI, "1B", "2B", "3B", HR) VALUES (14, 7, 5, 4, 0, 0, 0, 0, 0, 0);
INSERT INTO STATISTICS (PLAYER_ID, GAME_ID, AB, H, R, RBI, "1B", "2B", "3B", HR) VALUES (17, 7, 5, 4, 0, 0, 0, 0, 0, 0);
INSERT INTO STATISTICS (PLAYER_ID, GAME_ID, AB, H, R, RBI, "1B", "2B", "3B", HR) VALUES (18, 7, 5, 4, 2, 1, 1, 0, 1, 0);
INSERT INTO STATISTICS (PLAYER_ID, GAME_ID, AB, H, R, RBI, "1B", "2B", "3B", HR) VALUES (19, 7, 5, 4, 0, 0, 0, 0, 0, 0);
INSERT INTO STATISTICS (PLAYER_ID, GAME_ID, AB, H, R, RBI, "1B", "2B", "3B", HR) VALUES (20, 7, 5, 4, 1, 0, 1, 0, 0, 0);

--game 8
INSERT INTO STATISTICS (PLAYER_ID, GAME_ID, AB, H, R, RBI, "1B", "2B", "3B", HR) VALUES (0, 8, 5, 4, 0, 0, 0, 0, 0, 0);
INSERT INTO STATISTICS (PLAYER_ID, GAME_ID, AB, H, R, RBI, "1B", "2B", "3B", HR) VALUES (1, 8, 5, 4, 0, 0, 0, 0, 0, 0);
INSERT INTO STATISTICS (PLAYER_ID, GAME_ID, AB, H, R, RBI, "1B", "2B", "3B", HR) VALUES (2, 8, 5, 4, 0, 0, 0, 0, 0, 0);
INSERT INTO STATISTICS (PLAYER_ID, GAME_ID, AB, H, R, RBI, "1B", "2B", "3B", HR) VALUES (3, 8, 5, 4, 0, 0, 0, 0, 0, 0);
INSERT INTO STATISTICS (PLAYER_ID, GAME_ID, AB, H, R, RBI, "1B", "2B", "3B", HR) VALUES (4, 8, 5, 4, 1, 1, 0, 1, 0, 0);
INSERT INTO STATISTICS (PLAYER_ID, GAME_ID, AB, H, R, RBI, "1B", "2B", "3B", HR) VALUES (5, 8, 5, 4, 0, 0, 0, 0, 0, 0);
INSERT INTO STATISTICS (PLAYER_ID, GAME_ID, AB, H, R, RBI, "1B", "2B", "3B", HR) VALUES (6, 8, 5, 4, 1, 0, 0, 0, 1, 0);
INSERT INTO STATISTICS (PLAYER_ID, GAME_ID, AB, H, R, RBI, "1B", "2B", "3B", HR) VALUES (10, 8, 5, 4, 0, 0, 0, 0, 0, 0);
INSERT INTO STATISTICS (PLAYER_ID, GAME_ID, AB, H, R, RBI, "1B", "2B", "3B", HR) VALUES (11, 8, 5, 4, 0, 1, 0, 0, 1, 0);
INSERT INTO STATISTICS (PLAYER_ID, GAME_ID, AB, H, R, RBI, "1B", "2B", "3B", HR) VALUES (15, 8, 5, 4, 0, 0, 0, 0, 0, 0);

INSERT INTO STATISTICS (PLAYER_ID, GAME_ID, AB, H, R, RBI, "1B", "2B", "3B", HR) VALUES (7, 8, 5, 4, 1, 0, 0, 0, 0, 1);
INSERT INTO STATISTICS (PLAYER_ID, GAME_ID, AB, H, R, RBI, "1B", "2B", "3B", HR) VALUES (8, 8, 5, 4, 0, 0, 0, 0, 0, 0);
INSERT INTO STATISTICS (PLAYER_ID, GAME_ID, AB, H, R, RBI, "1B", "2B", "3B", HR) VALUES (9, 8, 5, 4, 0, 0, 0, 0, 0, 0);
INSERT INTO STATISTICS (PLAYER_ID, GAME_ID, AB, H, R, RBI, "1B", "2B", "3B", HR) VALUES (12, 8, 5, 4, 2, 1, 0, 1, 1, 0);
INSERT INTO STATISTICS (PLAYER_ID, GAME_ID, AB, H, R, RBI, "1B", "2B", "3B", HR) VALUES (13, 8, 5, 4, 0, 0, 0, 0, 0, 0);
INSERT INTO STATISTICS (PLAYER_ID, GAME_ID, AB, H, R, RBI, "1B", "2B", "3B", HR) VALUES (14, 8, 5, 4, 0, 0, 0, 0, 0, 0);
INSERT INTO STATISTICS (PLAYER_ID, GAME_ID, AB, H, R, RBI, "1B", "2B", "3B", HR) VALUES (17, 8, 5, 4, 1, 1, 1, 0, 0, 0);
INSERT INTO STATISTICS (PLAYER_ID, GAME_ID, AB, H, R, RBI, "1B", "2B", "3B", HR) VALUES (18, 8, 5, 4, 0, 0, 0, 0, 0, 0);
INSERT INTO STATISTICS (PLAYER_ID, GAME_ID, AB, H, R, RBI, "1B", "2B", "3B", HR) VALUES (19, 8, 5, 4, 1, 2, 0, 1, 0, 0);
INSERT INTO STATISTICS (PLAYER_ID, GAME_ID, AB, H, R, RBI, "1B", "2B", "3B", HR) VALUES (20, 8, 5, 4, 0, 0, 0, 0, 0, 0);
