INSERT INTO PLAYERS (ID, FIRST_NAME, LAST_NAME) VALUES (0, 'Cady', 'Heron');
INSERT INTO PLAYERS (ID, FIRST_NAME, LAST_NAME) VALUES (1, 'Regina', 'George');
INSERT INTO PLAYERS (ID, FIRST_NAME, LAST_NAME) VALUES (2, 'Gretchen', 'Wieners');
INSERT INTO PLAYERS (ID, FIRST_NAME, LAST_NAME) VALUES (3, 'Janis', 'Ian');
INSERT INTO PLAYERS (ID, FIRST_NAME, LAST_NAME) VALUES (4, 'Karen', 'Smith');
INSERT INTO PLAYERS (ID, FIRST_NAME, LAST_NAME) VALUES (5, 'Kevin', 'Gnapoor');
INSERT INTO PLAYERS (ID, FIRST_NAME, LAST_NAME) VALUES (6, 'Trang', 'Pak');
INSERT INTO PLAYERS (ID, FIRST_NAME, LAST_NAME) VALUES (7, 'Aaron', 'Samuels');
INSERT INTO PLAYERS (ID, FIRST_NAME, LAST_NAME) VALUES (8, 'Glenn', 'Cocoo');
INSERT INTO PLAYERS (ID, FIRST_NAME, LAST_NAME) VALUES (9, 'Shane', 'Oman');
INSERT INTO PLAYERS (ID, FIRST_NAME, LAST_NAME) VALUES (10, 'Ms.', 'Norbury');
INSERT INTO PLAYERS (ID, FIRST_NAME, LAST_NAME) VALUES (11, 'Mrs.', 'George');
INSERT INTO PLAYERS (ID, FIRST_NAME, LAST_NAME) VALUES (12, 'Caroline', 'Krafft');
INSERT INTO PLAYERS (ID, FIRST_NAME, LAST_NAME) VALUES (13, 'Coach', 'Carr');
INSERT INTO PLAYERS (ID, FIRST_NAME, LAST_NAME) VALUES (14, 'Principal', 'Duvall');
INSERT INTO PLAYERS (ID, FIRST_NAME, LAST_NAME) VALUES (15, 'Emma', 'Gerber');
INSERT INTO PLAYERS (ID, FIRST_NAME, LAST_NAME) VALUES (16, 'Taylor', 'Wedell');
INSERT INTO PLAYERS (ID, FIRST_NAME, LAST_NAME) VALUES (17, 'Kristen', 'Hadley');
INSERT INTO PLAYERS (ID, FIRST_NAME, LAST_NAME) VALUES (18, 'Dawn', 'Schweitzer');
INSERT INTO PLAYERS (ID, FIRST_NAME, LAST_NAME) VALUES (19, 'Tim', 'Pak');
INSERT INTO PLAYERS (ID, FIRST_NAME, LAST_NAME) VALUES (20, 'Damian', 'Leigh');

INSERT INTO TEAMS (ID, NAME) VALUES (1, 'The Plastics');
INSERT INTO TEAMS (ID, NAME) VALUES (2, 'The Mathletes');

INSERT INTO SEASONS (ID, YEAR, TYPE) VALUES (1, 2015, 'regular');
INSERT INTO SEASONS (ID, YEAR, TYPE) VALUES (2, 2016, 'regular');

INSERT INTO PLAYS_FOR (PLAYER_ID, SEASON_ID, TEAM_ID)  VALUES (0, 1, 1);
INSERT INTO PLAYS_FOR (PLAYER_ID, SEASON_ID, TEAM_ID)  VALUES (1, 1, 1);
INSERT INTO PLAYS_FOR (PLAYER_ID, SEASON_ID, TEAM_ID)  VALUES (2, 1, 1);
INSERT INTO PLAYS_FOR (PLAYER_ID, SEASON_ID, TEAM_ID)  VALUES (3, 1, 1);
INSERT INTO PLAYS_FOR (PLAYER_ID, SEASON_ID, TEAM_ID)  VALUES (4, 1, 1);
INSERT INTO PLAYS_FOR (PLAYER_ID, SEASON_ID, TEAM_ID)  VALUES (5, 1, 1);
INSERT INTO PLAYS_FOR (PLAYER_ID, SEASON_ID, TEAM_ID)  VALUES (6, 1, 1);
INSERT INTO PLAYS_FOR (PLAYER_ID, SEASON_ID, TEAM_ID)  VALUES (7, 1, 1);
INSERT INTO PLAYS_FOR (PLAYER_ID, SEASON_ID, TEAM_ID)  VALUES (8, 1, 1);
INSERT INTO PLAYS_FOR (PLAYER_ID, SEASON_ID, TEAM_ID)  VALUES (9, 1, 1);

INSERT INTO PLAYS_FOR (PLAYER_ID, SEASON_ID, TEAM_ID)  VALUES (10, 1, 2);
INSERT INTO PLAYS_FOR (PLAYER_ID, SEASON_ID, TEAM_ID)  VALUES (11, 1, 2);
INSERT INTO PLAYS_FOR (PLAYER_ID, SEASON_ID, TEAM_ID)  VALUES (12, 1, 2);
INSERT INTO PLAYS_FOR (PLAYER_ID, SEASON_ID, TEAM_ID)  VALUES (13, 1, 2);
INSERT INTO PLAYS_FOR (PLAYER_ID, SEASON_ID, TEAM_ID)  VALUES (14, 1, 2);
INSERT INTO PLAYS_FOR (PLAYER_ID, SEASON_ID, TEAM_ID)  VALUES (15, 1, 2);
INSERT INTO PLAYS_FOR (PLAYER_ID, SEASON_ID, TEAM_ID)  VALUES (16, 1, 2);
INSERT INTO PLAYS_FOR (PLAYER_ID, SEASON_ID, TEAM_ID)  VALUES (17, 1, 2);
INSERT INTO PLAYS_FOR (PLAYER_ID, SEASON_ID, TEAM_ID)  VALUES (18, 1, 2);
INSERT INTO PLAYS_FOR (PLAYER_ID, SEASON_ID, TEAM_ID)  VALUES (19, 1, 2);
INSERT INTO PLAYS_FOR (PLAYER_ID, SEASON_ID, TEAM_ID)  VALUES (20, 1, 2);

INSERT INTO PLAYS_FOR (PLAYER_ID, SEASON_ID, TEAM_ID)  VALUES (0, 2, 1);
INSERT INTO PLAYS_FOR (PLAYER_ID, SEASON_ID, TEAM_ID)  VALUES (1, 2, 1);
INSERT INTO PLAYS_FOR (PLAYER_ID, SEASON_ID, TEAM_ID)  VALUES (2, 2, 1);
INSERT INTO PLAYS_FOR (PLAYER_ID, SEASON_ID, TEAM_ID)  VALUES (3, 2, 1);
INSERT INTO PLAYS_FOR (PLAYER_ID, SEASON_ID, TEAM_ID)  VALUES (4, 2, 1);
INSERT INTO PLAYS_FOR (PLAYER_ID, SEASON_ID, TEAM_ID)  VALUES (5, 2, 1);
INSERT INTO PLAYS_FOR (PLAYER_ID, SEASON_ID, TEAM_ID)  VALUES (6, 2, 1);
INSERT INTO PLAYS_FOR (PLAYER_ID, SEASON_ID, TEAM_ID)  VALUES (7, 2, 2);
INSERT INTO PLAYS_FOR (PLAYER_ID, SEASON_ID, TEAM_ID)  VALUES (8, 2, 2);
INSERT INTO PLAYS_FOR (PLAYER_ID, SEASON_ID, TEAM_ID)  VALUES (9, 2, 2);

INSERT INTO PLAYS_FOR (PLAYER_ID, SEASON_ID, TEAM_ID)  VALUES (10, 2, 1);
INSERT INTO PLAYS_FOR (PLAYER_ID, SEASON_ID, TEAM_ID)  VALUES (11, 2, 1);
INSERT INTO PLAYS_FOR (PLAYER_ID, SEASON_ID, TEAM_ID)  VALUES (12, 2, 2);
INSERT INTO PLAYS_FOR (PLAYER_ID, SEASON_ID, TEAM_ID)  VALUES (13, 2, 2);
INSERT INTO PLAYS_FOR (PLAYER_ID, SEASON_ID, TEAM_ID)  VALUES (14, 2, 2);
INSERT INTO PLAYS_FOR (PLAYER_ID, SEASON_ID, TEAM_ID)  VALUES (15, 2, 1);
INSERT INTO PLAYS_FOR (PLAYER_ID, SEASON_ID, TEAM_ID)  VALUES (16, 2, 1);
INSERT INTO PLAYS_FOR (PLAYER_ID, SEASON_ID, TEAM_ID)  VALUES (17, 2, 2);
INSERT INTO PLAYS_FOR (PLAYER_ID, SEASON_ID, TEAM_ID)  VALUES (18, 2, 2);
INSERT INTO PLAYS_FOR (PLAYER_ID, SEASON_ID, TEAM_ID)  VALUES (19, 2, 2);
INSERT INTO PLAYS_FOR (PLAYER_ID, SEASON_ID, TEAM_ID)  VALUES (20, 2, 2);


INSERT INTO GAMES (ID, HOME_TEAM_ID, VISITOR_TEAM_ID, SEASON_ID, HOME_SCORE, VISITOR_SCORE, GAME_LOCATION, GAME_DATE)
VALUES (1, 1, 2, 1, 5, 2, 'Rosedale Park', TO_DATE('15-OCT-4 18:30','YY-MON-DD HH24:MI'));
INSERT INTO GAMES (ID, HOME_TEAM_ID, VISITOR_TEAM_ID, SEASON_ID, HOME_SCORE, VISITOR_SCORE, GAME_LOCATION, GAME_DATE)
VALUES (2, 1, 2, 1, 3, 6, 'Christie Pits Park', TO_DATE('15-OCT-11 18:30','YY-MON-DD HH24:MI'));
INSERT INTO GAMES (ID, HOME_TEAM_ID, VISITOR_TEAM_ID, SEASON_ID, HOME_SCORE, VISITOR_SCORE, GAME_LOCATION, GAME_DATE)
VALUES (3, 2, 1, 1, 2, 2, 'Highview Park', TO_DATE('15-OCT-18 18:30','YY-MON-DD HH24:MI'));
INSERT INTO GAMES (ID, HOME_TEAM_ID, VISITOR_TEAM_ID, SEASON_ID, HOME_SCORE, VISITOR_SCORE, GAME_LOCATION, GAME_DATE)
VALUES (4, 2, 1, 1, 3, 2, 'Highview Park', TO_DATE('15-OCT-25 18:30','YY-MON-DD HH24:MI'));

INSERT INTO GAMES (ID, HOME_TEAM_ID, VISITOR_TEAM_ID, SEASON_ID, HOME_SCORE, VISITOR_SCORE, GAME_LOCATION, GAME_DATE)
VALUES (5, 1, 2, 2, 8, 2, 'Rosedale Park', TO_DATE('16-OCT-4 18:30','YY-MON-DD HH24:MI'));
INSERT INTO GAMES (ID, HOME_TEAM_ID, VISITOR_TEAM_ID, SEASON_ID, HOME_SCORE, VISITOR_SCORE, GAME_LOCATION, GAME_DATE)
VALUES (6, 1, 2, 2, 2, 3, 'Rosedale Park', TO_DATE('16-OCT-12 18:30','YY-MON-DD HH24:MI'));
INSERT INTO GAMES (ID, HOME_TEAM_ID, VISITOR_TEAM_ID, SEASON_ID, HOME_SCORE, VISITOR_SCORE, GAME_LOCATION, GAME_DATE)
VALUES (7, 1, 2, 2, 2, 4, 'Rosedale Park', TO_DATE('16-OCT-18 18:30','YY-MON-DD HH24:MI'));
INSERT INTO GAMES (ID, HOME_TEAM_ID, VISITOR_TEAM_ID, SEASON_ID, HOME_SCORE, VISITOR_SCORE, GAME_LOCATION, GAME_DATE)
VALUES (8, 1, 2, 2, 1, 5, 'Rosedale Park', TO_DATE('16-OCT-25 18:30', 'YY-MON-DD HH24:MI'));


-- INSERT INTO STATISTICS (PLAYER_ID, GAME_ID, AB, H, R, RBI, "1B", "2B", "3B", HR) VALUES
--game 1
INSERT INTO STATISTICS (ID, AB, H, R, RBI, "1B", "2B", "3B", HR) VALUES (0, 7, 2, 1, 1, 0, 0, 0, 0);
INSERT INTO STATISTICS (ID, AB, H, R, RBI, "1B", "2B", "3B", HR) VALUES (1, 7, 3, 2, 3, 0, 0, 1, 1);
INSERT INTO STATISTICS (ID, AB, H, R, RBI, "1B", "2B", "3B", HR) VALUES (2, 7, 4, 0, 0, 0, 1, 0, 0);
INSERT INTO STATISTICS (ID, AB, H, R, RBI, "1B", "2B", "3B", HR) VALUES (3, 7, 5, 0, 0, 0, 0, 0, 0);
INSERT INTO STATISTICS (ID, AB, H, R, RBI, "1B", "2B", "3B", HR) VALUES (4, 6, 3, 1, 0, 1, 2, 0, 0);
INSERT INTO STATISTICS (ID, AB, H, R, RBI, "1B", "2B", "3B", HR) VALUES (5, 6, 2, 0, 0, 0, 0, 0, 0);
INSERT INTO STATISTICS (ID, AB, H, R, RBI, "1B", "2B", "3B", HR) VALUES (6, 6, 3, 0, 0, 0, 0, 0, 0);
INSERT INTO STATISTICS (ID, AB, H, R, RBI, "1B", "2B", "3B", HR) VALUES (7, 6, 3, 1, 0, 1, 0, 0, 0);
INSERT INTO STATISTICS (ID, AB, H, R, RBI, "1B", "2B", "3B", HR) VALUES (8, 6, 3, 0, 0, 0, 1, 0, 0);
INSERT INTO STATISTICS (ID, AB, H, R, RBI, "1B", "2B", "3B", HR) VALUES (9, 6, 5, 0, 0, 0, 0, 0, 0);

INSERT INTO STATISTICS (ID, AB, H, R, RBI, "1B", "2B", "3B", HR) VALUES (10, 7, 2, 0, 0, 0, 0, 0, 0);
INSERT INTO STATISTICS (ID, AB, H, R, RBI, "1B", "2B", "3B", HR) VALUES (11, 7, 3, 0, 0, 0, 0, 0, 0);
INSERT INTO STATISTICS (ID, AB, H, R, RBI, "1B", "2B", "3B", HR) VALUES (12, 6, 2, 0, 0, 0, 0, 0, 0);
INSERT INTO STATISTICS (ID, AB, H, R, RBI, "1B", "2B", "3B", HR) VALUES (13, 6, 1, 0, 0, 1, 0, 0, 0);
INSERT INTO STATISTICS (ID, AB, H, R, RBI, "1B", "2B", "3B", HR) VALUES (14, 6, 3, 0, 0, 0, 0, 0, 0);
INSERT INTO STATISTICS (ID, AB, H, R, RBI, "1B", "2B", "3B", HR) VALUES (15, 6, 2, 0, 0, 0, 0, 0, 0);
INSERT INTO STATISTICS (ID, AB, H, R, RBI, "1B", "2B", "3B", HR) VALUES (16, 6, 1, 0, 0, 0, 0, 0, 0);
INSERT INTO STATISTICS (ID, AB, H, R, RBI, "1B", "2B", "3B", HR) VALUES (17, 6, 2, 1, 1, 1, 0, 0, 0);
INSERT INTO STATISTICS (ID, AB, H, R, RBI, "1B", "2B", "3B", HR) VALUES (18, 6, 2, 0, 0, 0, 0, 0, 0);
INSERT INTO STATISTICS (ID, AB, H, R, RBI, "1B", "2B", "3B", HR) VALUES (19, 6, 3, 1, 0, 0, 0, 0, 0);

INSERT INTO PERFORMED_IN (PLAYER_ID, GAME_ID, STATISTIC_ID) VALUES (0, 1, 0);
INSERT INTO PERFORMED_IN (PLAYER_ID, GAME_ID, STATISTIC_ID) VALUES (1, 1, 1);
INSERT INTO PERFORMED_IN (PLAYER_ID, GAME_ID, STATISTIC_ID) VALUES (2, 1, 2);
INSERT INTO PERFORMED_IN (PLAYER_ID, GAME_ID, STATISTIC_ID) VALUES (3, 1, 3);
INSERT INTO PERFORMED_IN (PLAYER_ID, GAME_ID, STATISTIC_ID) VALUES (4, 1, 4);
INSERT INTO PERFORMED_IN (PLAYER_ID, GAME_ID, STATISTIC_ID) VALUES (5, 1, 5);
INSERT INTO PERFORMED_IN (PLAYER_ID, GAME_ID, STATISTIC_ID) VALUES (6, 1, 6);
INSERT INTO PERFORMED_IN (PLAYER_ID, GAME_ID, STATISTIC_ID) VALUES (7, 1, 7);
INSERT INTO PERFORMED_IN (PLAYER_ID, GAME_ID, STATISTIC_ID) VALUES (8, 1, 8);
INSERT INTO PERFORMED_IN (PLAYER_ID, GAME_ID, STATISTIC_ID) VALUES (9, 1, 9);

INSERT INTO PERFORMED_IN (PLAYER_ID, GAME_ID, STATISTIC_ID) VALUES (10, 1, 10);
INSERT INTO PERFORMED_IN (PLAYER_ID, GAME_ID, STATISTIC_ID) VALUES (11, 1, 11);
INSERT INTO PERFORMED_IN (PLAYER_ID, GAME_ID, STATISTIC_ID) VALUES (12, 1, 12);
INSERT INTO PERFORMED_IN (PLAYER_ID, GAME_ID, STATISTIC_ID) VALUES (13, 1, 13);
INSERT INTO PERFORMED_IN (PLAYER_ID, GAME_ID, STATISTIC_ID) VALUES (14, 1, 14);
INSERT INTO PERFORMED_IN (PLAYER_ID, GAME_ID, STATISTIC_ID) VALUES (15, 1, 15);
INSERT INTO PERFORMED_IN (PLAYER_ID, GAME_ID, STATISTIC_ID) VALUES (16, 1, 16);
INSERT INTO PERFORMED_IN (PLAYER_ID, GAME_ID, STATISTIC_ID) VALUES (17, 1, 17);
INSERT INTO PERFORMED_IN (PLAYER_ID, GAME_ID, STATISTIC_ID) VALUES (18, 1, 18);
INSERT INTO PERFORMED_IN (PLAYER_ID, GAME_ID, STATISTIC_ID) VALUES (19, 1, 19);

--game 2
-- INSERT INTO STATISTICS (PLAYER_ID, GAME_ID, AB, H, R, RBI, "1B", "2B", "3B", HR) VALUES
INSERT INTO STATISTICS (ID, AB, H, R, RBI, "1B", "2B", "3B", HR) VALUES (20, 7, 5, 1, 1, 0, 0, 0, 1);
INSERT INTO STATISTICS (ID, AB, H, R, RBI, "1B", "2B", "3B", HR) VALUES (21, 7, 5, 0, 0, 0, 0, 0, 0);
INSERT INTO STATISTICS (ID, AB, H, R, RBI, "1B", "2B", "3B", HR) VALUES (22, 7, 5, 1, 0, 1, 0, 0, 0);
INSERT INTO STATISTICS (ID, AB, H, R, RBI, "1B", "2B", "3B", HR) VALUES (23, 7, 5, 0, 0, 0, 0, 0, 0);
INSERT INTO STATISTICS (ID, AB, H, R, RBI, "1B", "2B", "3B", HR) VALUES (24, 6, 5, 1, 0, 1, 0, 0, 1);
INSERT INTO STATISTICS (ID, AB, H, R, RBI, "1B", "2B", "3B", HR) VALUES (25, 6, 5, 0, 0, 1, 0, 0, 0);
INSERT INTO STATISTICS (ID, AB, H, R, RBI, "1B", "2B", "3B", HR) VALUES (26, 6, 5, 0, 0, 0, 0, 0, 0);
INSERT INTO STATISTICS (ID, AB, H, R, RBI, "1B", "2B", "3B", HR) VALUES (27, 6, 5, 0, 0, 0, 0, 0, 0);
INSERT INTO STATISTICS (ID, AB, H, R, RBI, "1B", "2B", "3B", HR) VALUES (28, 6, 5, 0, 0, 0, 0, 0, 0);
INSERT INTO STATISTICS (ID, AB, H, R, RBI, "1B", "2B", "3B", HR) VALUES (29, 6, 5, 0, 0, 1, 0, 0, 0);

INSERT INTO STATISTICS (ID, AB, H, R, RBI, "1B", "2B", "3B", HR) VALUES (30, 7, 1, 1, 1, 0, 1, 0, 0);
INSERT INTO STATISTICS (ID, AB, H, R, RBI, "1B", "2B", "3B", HR) VALUES (31, 7, 1, 0, 0, 0, 0, 0, 0);
INSERT INTO STATISTICS (ID, AB, H, R, RBI, "1B", "2B", "3B", HR) VALUES (32, 6, 2, 0, 0, 0, 0, 0, 0);
INSERT INTO STATISTICS (ID, AB, H, R, RBI, "1B", "2B", "3B", HR) VALUES (33, 6, 4, 0, 0, 0, 0, 0, 0);
INSERT INTO STATISTICS (ID, AB, H, R, RBI, "1B", "2B", "3B", HR) VALUES (34, 6, 2, 2, 1, 0, 0, 1, 1);
INSERT INTO STATISTICS (ID, AB, H, R, RBI, "1B", "2B", "3B", HR) VALUES (35, 6, 3, 0, 0, 0, 0, 0, 0);
INSERT INTO STATISTICS (ID, AB, H, R, RBI, "1B", "2B", "3B", HR) VALUES (36, 6, 2, 0, 0, 0, 0, 0, 0);
INSERT INTO STATISTICS (ID, AB, H, R, RBI, "1B", "2B", "3B", HR) VALUES (37, 6, 1, 0, 0, 1, 0, 0, 0);
INSERT INTO STATISTICS (ID, AB, H, R, RBI, "1B", "2B", "3B", HR) VALUES (38, 6, 1, 0, 0, 1, 0, 0, 0);
INSERT INTO STATISTICS (ID, AB, H, R, RBI, "1B", "2B", "3B", HR) VALUES (39, 6, 1, 0, 1, 0, 0, 0, 0);

INSERT INTO PERFORMED_IN (PLAYER_ID, GAME_ID, STATISTIC_ID) VALUES (0, 2, 20);
INSERT INTO PERFORMED_IN (PLAYER_ID, GAME_ID, STATISTIC_ID) VALUES (1, 2, 21);
INSERT INTO PERFORMED_IN (PLAYER_ID, GAME_ID, STATISTIC_ID) VALUES (2, 2, 22);
INSERT INTO PERFORMED_IN (PLAYER_ID, GAME_ID, STATISTIC_ID) VALUES (3, 2, 23);
INSERT INTO PERFORMED_IN (PLAYER_ID, GAME_ID, STATISTIC_ID) VALUES (4, 2, 24);
INSERT INTO PERFORMED_IN (PLAYER_ID, GAME_ID, STATISTIC_ID) VALUES (5, 2, 25);
INSERT INTO PERFORMED_IN (PLAYER_ID, GAME_ID, STATISTIC_ID) VALUES (6, 2, 26);
INSERT INTO PERFORMED_IN (PLAYER_ID, GAME_ID, STATISTIC_ID) VALUES (7, 2, 27);
INSERT INTO PERFORMED_IN (PLAYER_ID, GAME_ID, STATISTIC_ID) VALUES (8, 2, 28);
INSERT INTO PERFORMED_IN (PLAYER_ID, GAME_ID, STATISTIC_ID) VALUES (9, 2, 29);

INSERT INTO PERFORMED_IN (PLAYER_ID, GAME_ID, STATISTIC_ID) VALUES (10, 2, 30);
INSERT INTO PERFORMED_IN (PLAYER_ID, GAME_ID, STATISTIC_ID) VALUES (11, 2, 31);
INSERT INTO PERFORMED_IN (PLAYER_ID, GAME_ID, STATISTIC_ID) VALUES (12, 2, 32);
INSERT INTO PERFORMED_IN (PLAYER_ID, GAME_ID, STATISTIC_ID) VALUES (13, 2, 33);
INSERT INTO PERFORMED_IN (PLAYER_ID, GAME_ID, STATISTIC_ID) VALUES (14, 2, 34);
INSERT INTO PERFORMED_IN (PLAYER_ID, GAME_ID, STATISTIC_ID) VALUES (15, 2, 35);
INSERT INTO PERFORMED_IN (PLAYER_ID, GAME_ID, STATISTIC_ID) VALUES (16, 2, 36);
INSERT INTO PERFORMED_IN (PLAYER_ID, GAME_ID, STATISTIC_ID) VALUES (17, 2, 37);
INSERT INTO PERFORMED_IN (PLAYER_ID, GAME_ID, STATISTIC_ID) VALUES (18, 2, 38);
INSERT INTO PERFORMED_IN (PLAYER_ID, GAME_ID, STATISTIC_ID) VALUES (19, 2, 39);

--game 3
-- INSERT INTO STATISTICS (PLAYER_ID, GAME_ID, AB, H, R, RBI, "1B", "2B", "3B", HR) VALUES
INSERT INTO STATISTICS (ID, AB, H, R, RBI, "1B", "2B", "3B", HR) VALUES (40, 7, 1, 1, 1, 0, 0, 1, 1);
INSERT INTO STATISTICS (ID, AB, H, R, RBI, "1B", "2B", "3B", HR) VALUES (41, 7, 1, 0, 0, 0, 0, 0, 0);
INSERT INTO STATISTICS (ID, AB, H, R, RBI, "1B", "2B", "3B", HR) VALUES (42, 7, 2, 0, 0, 0, 0, 0, 0);
INSERT INTO STATISTICS (ID, AB, H, R, RBI, "1B", "2B", "3B", HR) VALUES (43, 7, 3, 1, 0, 0, 0, 0, 0);
INSERT INTO STATISTICS (ID, AB, H, R, RBI, "1B", "2B", "3B", HR) VALUES (44, 6, 4, 0, 0, 0, 0, 0, 0);
INSERT INTO STATISTICS (ID, AB, H, R, RBI, "1B", "2B", "3B", HR) VALUES (45, 6, 2, 0, 2, 0, 0, 0, 1);
INSERT INTO STATISTICS (ID, AB, H, R, RBI, "1B", "2B", "3B", HR) VALUES (46, 6, 2, 0, 2, 0, 0, 0, 0);
INSERT INTO STATISTICS (ID, AB, H, R, RBI, "1B", "2B", "3B", HR) VALUES (47, 6, 2, 0, 2, 0, 0, 0, 0);
INSERT INTO STATISTICS (ID, AB, H, R, RBI, "1B", "2B", "3B", HR) VALUES (48, 6, 4, 0, 0, 0, 0, 0, 0);
INSERT INTO STATISTICS (ID, AB, H, R, RBI, "1B", "2B", "3B", HR) VALUES (49, 6, 2, 0, 0, 0, 0, 0, 0);

INSERT INTO STATISTICS (ID, AB, H, R, RBI, "1B", "2B", "3B", HR) VALUES (50, 7, 3, 0, 0, 0, 0, 0, 0);
INSERT INTO STATISTICS (ID, AB, H, R, RBI, "1B", "2B", "3B", HR) VALUES (51, 7, 3, 1, 1, 0, 0, 0, 1);
INSERT INTO STATISTICS (ID, AB, H, R, RBI, "1B", "2B", "3B", HR) VALUES (52, 6, 3, 0, 0, 0, 0, 0, 0);
INSERT INTO STATISTICS (ID, AB, H, R, RBI, "1B", "2B", "3B", HR) VALUES (53, 6, 3, 0, 0, 0, 0, 0, 0);
INSERT INTO STATISTICS (ID, AB, H, R, RBI, "1B", "2B", "3B", HR) VALUES (54, 6, 3, 0, 0, 0, 0, 0, 0);
INSERT INTO STATISTICS (ID, AB, H, R, RBI, "1B", "2B", "3B", HR) VALUES (55, 6, 3, 0, 0, 0, 0, 0, 0);
INSERT INTO STATISTICS (ID, AB, H, R, RBI, "1B", "2B", "3B", HR) VALUES (56, 6, 3, 1, 0, 1, 0, 0, 0);
INSERT INTO STATISTICS (ID, AB, H, R, RBI, "1B", "2B", "3B", HR) VALUES (57, 6, 3, 0, 0, 0, 0, 0, 0);
INSERT INTO STATISTICS (ID, AB, H, R, RBI, "1B", "2B", "3B", HR) VALUES (58, 6, 3, 0, 0, 0, 0, 0, 0);
INSERT INTO STATISTICS (ID, AB, H, R, RBI, "1B", "2B", "3B", HR) VALUES (59, 6, 3, 0, 0, 0, 0, 0, 0);

INSERT INTO PERFORMED_IN (PLAYER_ID, GAME_ID, STATISTIC_ID) VALUES (0, 3, 30);
INSERT INTO PERFORMED_IN (PLAYER_ID, GAME_ID, STATISTIC_ID) VALUES (1, 3, 31);
INSERT INTO PERFORMED_IN (PLAYER_ID, GAME_ID, STATISTIC_ID) VALUES (2, 3, 32);
INSERT INTO PERFORMED_IN (PLAYER_ID, GAME_ID, STATISTIC_ID) VALUES (3, 3, 33);
INSERT INTO PERFORMED_IN (PLAYER_ID, GAME_ID, STATISTIC_ID) VALUES (4, 3, 34);
INSERT INTO PERFORMED_IN (PLAYER_ID, GAME_ID, STATISTIC_ID) VALUES (5, 3, 35);
INSERT INTO PERFORMED_IN (PLAYER_ID, GAME_ID, STATISTIC_ID) VALUES (6, 3, 36);
INSERT INTO PERFORMED_IN (PLAYER_ID, GAME_ID, STATISTIC_ID) VALUES (7, 3, 37);
INSERT INTO PERFORMED_IN (PLAYER_ID, GAME_ID, STATISTIC_ID) VALUES (8, 3, 38);
INSERT INTO PERFORMED_IN (PLAYER_ID, GAME_ID, STATISTIC_ID) VALUES (9, 3, 39);

INSERT INTO PERFORMED_IN (PLAYER_ID, GAME_ID, STATISTIC_ID) VALUES (10, 3, 40);
INSERT INTO PERFORMED_IN (PLAYER_ID, GAME_ID, STATISTIC_ID) VALUES (11, 3, 41);
INSERT INTO PERFORMED_IN (PLAYER_ID, GAME_ID, STATISTIC_ID) VALUES (12, 3, 42);
INSERT INTO PERFORMED_IN (PLAYER_ID, GAME_ID, STATISTIC_ID) VALUES (13, 3, 43);
INSERT INTO PERFORMED_IN (PLAYER_ID, GAME_ID, STATISTIC_ID) VALUES (14, 3, 44);
INSERT INTO PERFORMED_IN (PLAYER_ID, GAME_ID, STATISTIC_ID) VALUES (15, 3, 45);
INSERT INTO PERFORMED_IN (PLAYER_ID, GAME_ID, STATISTIC_ID) VALUES (16, 3, 46);
INSERT INTO PERFORMED_IN (PLAYER_ID, GAME_ID, STATISTIC_ID) VALUES (17, 3, 47);
INSERT INTO PERFORMED_IN (PLAYER_ID, GAME_ID, STATISTIC_ID) VALUES (18, 3, 48);
INSERT INTO PERFORMED_IN (PLAYER_ID, GAME_ID, STATISTIC_ID) VALUES (19, 3, 49);

--game 4
-- INSERT INTO STATISTICS (PLAYER_ID, GAME_ID, AB, H, R, RBI, "1B", "2B", "3B", HR) VALUES
INSERT INTO STATISTICS (ID, AB, H, R, RBI, "1B", "2B", "3B", HR) VALUES (60, 7, 4, 0, 0, 0, 0, 0, 0);
INSERT INTO STATISTICS (ID, AB, H, R, RBI, "1B", "2B", "3B", HR) VALUES (61, 7, 4, 0, 0, 0, 0, 0, 0);
INSERT INTO STATISTICS (ID, AB, H, R, RBI, "1B", "2B", "3B", HR) VALUES (62, 7, 4, 0, 0, 0, 0, 0, 0);
INSERT INTO STATISTICS (ID, AB, H, R, RBI, "1B", "2B", "3B", HR) VALUES (63, 7, 4, 1, 1, 0, 0, 1, 0);
INSERT INTO STATISTICS (ID, AB, H, R, RBI, "1B", "2B", "3B", HR) VALUES (64, 6, 4, 0, 0, 0, 0, 0, 0);
INSERT INTO STATISTICS (ID, AB, H, R, RBI, "1B", "2B", "3B", HR) VALUES (65, 6, 4, 1, 0, 1, 0, 0, 0);
INSERT INTO STATISTICS (ID, AB, H, R, RBI, "1B", "2B", "3B", HR) VALUES (66, 6, 4, 0, 1, 1, 0, 0, 0);
INSERT INTO STATISTICS (ID, AB, H, R, RBI, "1B", "2B", "3B", HR) VALUES (67, 6, 4, 0, 0, 0, 0, 0, 0);
INSERT INTO STATISTICS (ID, AB, H, R, RBI, "1B", "2B", "3B", HR) VALUES (68, 6, 4, 0, 0, 0, 0, 0, 0);
INSERT INTO STATISTICS (ID, AB, H, R, RBI, "1B", "2B", "3B", HR) VALUES (69, 6, 4, 0, 0, 0, 0, 0, 0);

INSERT INTO STATISTICS (ID, AB, H, R, RBI, "1B", "2B", "3B", HR) VALUES (70, 7, 5, 0, 0, 0, 0, 0, 0);
INSERT INTO STATISTICS (ID, AB, H, R, RBI, "1B", "2B", "3B", HR) VALUES (71, 7, 5, 0, 2, 0, 1, 0, 0);
INSERT INTO STATISTICS (ID, AB, H, R, RBI, "1B", "2B", "3B", HR) VALUES (72, 6, 5, 1, 0, 0, 1, 0, 0);
INSERT INTO STATISTICS (ID, AB, H, R, RBI, "1B", "2B", "3B", HR) VALUES (73, 6, 5, 0, 0, 0, 0, 0, 0);
INSERT INTO STATISTICS (ID, AB, H, R, RBI, "1B", "2B", "3B", HR) VALUES (74, 6, 5, 0, 0, 0, 0, 0, 0);
INSERT INTO STATISTICS (ID, AB, H, R, RBI, "1B", "2B", "3B", HR) VALUES (75, 6, 5, 0, 0, 0, 0, 0, 0);
INSERT INTO STATISTICS (ID, AB, H, R, RBI, "1B", "2B", "3B", HR) VALUES (76, 6, 5, 0, 0, 0, 0, 0, 0);
INSERT INTO STATISTICS (ID, AB, H, R, RBI, "1B", "2B", "3B", HR) VALUES (77, 6, 5, 1, 1, 0, 0, 0, 0);
INSERT INTO STATISTICS (ID, AB, H, R, RBI, "1B", "2B", "3B", HR) VALUES (78, 6, 5, 0, 0, 0, 0, 0, 0);
INSERT INTO STATISTICS (ID, AB, H, R, RBI, "1B", "2B", "3B", HR) VALUES (79, 6, 5, 0, 0, 0, 0, 0, 0);

INSERT INTO PERFORMED_IN (PLAYER_ID, GAME_ID, STATISTIC_ID) VALUES (0, 4, 60);
INSERT INTO PERFORMED_IN (PLAYER_ID, GAME_ID, STATISTIC_ID) VALUES (1, 4, 61);
INSERT INTO PERFORMED_IN (PLAYER_ID, GAME_ID, STATISTIC_ID) VALUES (2, 4, 62);
INSERT INTO PERFORMED_IN (PLAYER_ID, GAME_ID, STATISTIC_ID) VALUES (3, 4, 63);
INSERT INTO PERFORMED_IN (PLAYER_ID, GAME_ID, STATISTIC_ID) VALUES (4, 4, 64);
INSERT INTO PERFORMED_IN (PLAYER_ID, GAME_ID, STATISTIC_ID) VALUES (5, 4, 65);
INSERT INTO PERFORMED_IN (PLAYER_ID, GAME_ID, STATISTIC_ID) VALUES (6, 4, 66);
INSERT INTO PERFORMED_IN (PLAYER_ID, GAME_ID, STATISTIC_ID) VALUES (7, 4, 67);
INSERT INTO PERFORMED_IN (PLAYER_ID, GAME_ID, STATISTIC_ID) VALUES (8, 4, 68);
INSERT INTO PERFORMED_IN (PLAYER_ID, GAME_ID, STATISTIC_ID) VALUES (9, 4, 69);

INSERT INTO PERFORMED_IN (PLAYER_ID, GAME_ID, STATISTIC_ID) VALUES (10, 4, 70);
INSERT INTO PERFORMED_IN (PLAYER_ID, GAME_ID, STATISTIC_ID) VALUES (11, 4, 71);
INSERT INTO PERFORMED_IN (PLAYER_ID, GAME_ID, STATISTIC_ID) VALUES (12, 4, 72);
INSERT INTO PERFORMED_IN (PLAYER_ID, GAME_ID, STATISTIC_ID) VALUES (13, 4, 73);
INSERT INTO PERFORMED_IN (PLAYER_ID, GAME_ID, STATISTIC_ID) VALUES (14, 4, 74);
INSERT INTO PERFORMED_IN (PLAYER_ID, GAME_ID, STATISTIC_ID) VALUES (15, 4, 75);
INSERT INTO PERFORMED_IN (PLAYER_ID, GAME_ID, STATISTIC_ID) VALUES (16, 4, 76);
INSERT INTO PERFORMED_IN (PLAYER_ID, GAME_ID, STATISTIC_ID) VALUES (17, 4, 77);
INSERT INTO PERFORMED_IN (PLAYER_ID, GAME_ID, STATISTIC_ID) VALUES (18, 4, 78);
INSERT INTO PERFORMED_IN (PLAYER_ID, GAME_ID, STATISTIC_ID) VALUES (19, 4, 79);


--season 2
--game 5
INSERT INTO STATISTICS (ID, AB, H, R, RBI, "1B", "2B", "3B", HR) VALUES (80, 5, 4, 1, 3, 0, 0, 0, 1);
INSERT INTO STATISTICS (ID, AB, H, R, RBI, "1B", "2B", "3B", HR) VALUES (81, 5, 4, 0, 0, 0, 0, 0, 0);
INSERT INTO STATISTICS (ID, AB, H, R, RBI, "1B", "2B", "3B", HR) VALUES (82, 5, 4, 0, 0, 0, 0, 0, 0);
INSERT INTO STATISTICS (ID, AB, H, R, RBI, "1B", "2B", "3B", HR) VALUES (83, 5, 4, 1, 1, 1, 0, 0, 0);
INSERT INTO STATISTICS (ID, AB, H, R, RBI, "1B", "2B", "3B", HR) VALUES (84, 5, 4, 1, 1, 1, 0, 0, 0);
INSERT INTO STATISTICS (ID, AB, H, R, RBI, "1B", "2B", "3B", HR) VALUES (85, 5, 4, 1, 1, 0, 1, 0, 0);
INSERT INTO STATISTICS (ID, AB, H, R, RBI, "1B", "2B", "3B", HR) VALUES (86, 5, 4, 1, 1, 2, 0, 0, 0);
INSERT INTO STATISTICS (ID, AB, H, R, RBI, "1B", "2B", "3B", HR) VALUES (87, 5, 4, 2, 1, 1, 0, 0, 0);
INSERT INTO STATISTICS (ID, AB, H, R, RBI, "1B", "2B", "3B", HR) VALUES (88, 5, 4, 1, 0, 1, 0, 0, 0);
INSERT INTO STATISTICS (ID, AB, H, R, RBI, "1B", "2B", "3B", HR) VALUES (89, 5, 4, 1, 0, 0, 1, 0, 0);

INSERT INTO STATISTICS (ID, AB, H, R, RBI, "1B", "2B", "3B", HR) VALUES (90, 5, 4, 0, 0, 0, 0, 0, 0);
INSERT INTO STATISTICS (ID, AB, H, R, RBI, "1B", "2B", "3B", HR) VALUES (91, 5, 4, 1, 1, 0, 1, 0, 0);
INSERT INTO STATISTICS (ID, AB, H, R, RBI, "1B", "2B", "3B", HR) VALUES (92, 5, 4, 0, 0, 0, 0, 0, 0);
INSERT INTO STATISTICS (ID, AB, H, R, RBI, "1B", "2B", "3B", HR) VALUES (93, 5, 4, 0, 0, 0, 0, 0, 0);
INSERT INTO STATISTICS (ID, AB, H, R, RBI, "1B", "2B", "3B", HR) VALUES (94, 5, 4, 0, 0, 0, 0, 0, 0);
INSERT INTO STATISTICS (ID, AB, H, R, RBI, "1B", "2B", "3B", HR) VALUES (95, 5, 4, 0, 0, 0, 0, 0, 0);
INSERT INTO STATISTICS (ID, AB, H, R, RBI, "1B", "2B", "3B", HR) VALUES (96, 5, 4, 0, 0, 0, 0, 0, 0);
INSERT INTO STATISTICS (ID, AB, H, R, RBI, "1B", "2B", "3B", HR) VALUES (97, 5, 4, 0, 0, 0, 0, 0, 0);
INSERT INTO STATISTICS (ID, AB, H, R, RBI, "1B", "2B", "3B", HR) VALUES (98, 5, 4, 0, 0, 0, 0, 0, 0);
INSERT INTO STATISTICS (ID, AB, H, R, RBI, "1B", "2B", "3B", HR) VALUES (99, 5, 4, 1, 1, 0, 0, 0, 0);

INSERT INTO PERFORMED_IN (PLAYER_ID, GAME_ID, STATISTIC_ID) VALUES (0, 5, 80);
INSERT INTO PERFORMED_IN (PLAYER_ID, GAME_ID, STATISTIC_ID) VALUES (1, 5, 81);
INSERT INTO PERFORMED_IN (PLAYER_ID, GAME_ID, STATISTIC_ID) VALUES (2, 5, 82);
INSERT INTO PERFORMED_IN (PLAYER_ID, GAME_ID, STATISTIC_ID) VALUES (3, 5, 83);
INSERT INTO PERFORMED_IN (PLAYER_ID, GAME_ID, STATISTIC_ID) VALUES (4, 5, 84);
INSERT INTO PERFORMED_IN (PLAYER_ID, GAME_ID, STATISTIC_ID) VALUES (5, 5, 85);
INSERT INTO PERFORMED_IN (PLAYER_ID, GAME_ID, STATISTIC_ID) VALUES (6, 5, 86);
INSERT INTO PERFORMED_IN (PLAYER_ID, GAME_ID, STATISTIC_ID) VALUES (10, 5, 87);
INSERT INTO PERFORMED_IN (PLAYER_ID, GAME_ID, STATISTIC_ID) VALUES (11, 5, 88);
INSERT INTO PERFORMED_IN (PLAYER_ID, GAME_ID, STATISTIC_ID) VALUES (15, 5, 89);

INSERT INTO PERFORMED_IN (PLAYER_ID, GAME_ID, STATISTIC_ID) VALUES (7, 5, 90);
INSERT INTO PERFORMED_IN (PLAYER_ID, GAME_ID, STATISTIC_ID) VALUES (8, 5, 91);
INSERT INTO PERFORMED_IN (PLAYER_ID, GAME_ID, STATISTIC_ID) VALUES (9, 5, 92);
INSERT INTO PERFORMED_IN (PLAYER_ID, GAME_ID, STATISTIC_ID) VALUES (12, 5, 93);
INSERT INTO PERFORMED_IN (PLAYER_ID, GAME_ID, STATISTIC_ID) VALUES (13, 5, 94);
INSERT INTO PERFORMED_IN (PLAYER_ID, GAME_ID, STATISTIC_ID) VALUES (14, 5, 95);
INSERT INTO PERFORMED_IN (PLAYER_ID, GAME_ID, STATISTIC_ID) VALUES (17, 5, 96);
INSERT INTO PERFORMED_IN (PLAYER_ID, GAME_ID, STATISTIC_ID) VALUES (18, 5, 97);
INSERT INTO PERFORMED_IN (PLAYER_ID, GAME_ID, STATISTIC_ID) VALUES (19, 5, 98);
INSERT INTO PERFORMED_IN (PLAYER_ID, GAME_ID, STATISTIC_ID) VALUES (20, 5, 99);

--game 6
INSERT INTO STATISTICS (ID, AB, H, R, RBI, "1B", "2B", "3B", HR) VALUES (100, 6, 4, 0, 0, 0, 0, 0, 0);
INSERT INTO STATISTICS (ID, AB, H, R, RBI, "1B", "2B", "3B", HR) VALUES (101, 6, 4, 0, 0, 0, 0, 0, 0);
INSERT INTO STATISTICS (ID, AB, H, R, RBI, "1B", "2B", "3B", HR) VALUES (102, 6, 4, 0, 1, 0, 1, 0, 0);
INSERT INTO STATISTICS (ID, AB, H, R, RBI, "1B", "2B", "3B", HR) VALUES (103, 6, 4, 0, 0, 0, 0, 0, 0);
INSERT INTO STATISTICS (ID, AB, H, R, RBI, "1B", "2B", "3B", HR) VALUES (104, 6, 4, 0, 0, 0, 0, 0, 0);
INSERT INTO STATISTICS (ID, AB, H, R, RBI, "1B", "2B", "3B", HR) VALUES (105, 6, 4, 1, 1, 0, 1, 0, 0);
INSERT INTO STATISTICS (ID, AB, H, R, RBI, "1B", "2B", "3B", HR) VALUES (106, 6, 4, 0, 0, 0, 0, 0, 0);
INSERT INTO STATISTICS (ID, AB, H, R, RBI, "1B", "2B", "3B", HR) VALUES (107, 6, 4, 0, 0, 1, 0, 0, 0);
INSERT INTO STATISTICS (ID, AB, H, R, RBI, "1B", "2B", "3B", HR) VALUES (108, 6, 4, 0, 0, 0, 0, 0, 0);
INSERT INTO STATISTICS (ID, AB, H, R, RBI, "1B", "2B", "3B", HR) VALUES (109, 6, 4, 0, 0, 0, 0, 0, 0);

INSERT INTO STATISTICS (ID, AB, H, R, RBI, "1B", "2B", "3B", HR) VALUES (110, 6, 4, 0, 0, 0, 0, 0, 0);
INSERT INTO STATISTICS (ID, AB, H, R, RBI, "1B", "2B", "3B", HR) VALUES (111, 6, 4, 0, 0, 0, 0, 0, 0);
INSERT INTO STATISTICS (ID, AB, H, R, RBI, "1B", "2B", "3B", HR) VALUES (112, 6, 4, 2, 1, 1, 0, 0, 1);
INSERT INTO STATISTICS (ID, AB, H, R, RBI, "1B", "2B", "3B", HR) VALUES (113, 6, 4, 0, 0, 0, 0, 0, 0);
INSERT INTO STATISTICS (ID, AB, H, R, RBI, "1B", "2B", "3B", HR) VALUES (114, 6, 4, 0, 1, 0, 0, 1, 0);
INSERT INTO STATISTICS (ID, AB, H, R, RBI, "1B", "2B", "3B", HR) VALUES (115, 6, 4, 0, 0, 0, 0, 0, 0);
INSERT INTO STATISTICS (ID, AB, H, R, RBI, "1B", "2B", "3B", HR) VALUES (116, 6, 4, 1, 0, 1, 0, 0, 0);
INSERT INTO STATISTICS (ID, AB, H, R, RBI, "1B", "2B", "3B", HR) VALUES (117, 6, 4, 0, 0, 0, 0, 0, 0);
INSERT INTO STATISTICS (ID, AB, H, R, RBI, "1B", "2B", "3B", HR) VALUES (118, 6, 4, 0, 0, 0, 0, 0, 0);
INSERT INTO STATISTICS (ID, AB, H, R, RBI, "1B", "2B", "3B", HR) VALUES (119, 6, 4, 0, 0, 0, 0, 0, 0);

INSERT INTO PERFORMED_IN (PLAYER_ID, GAME_ID, STATISTIC_ID) VALUES (0, 6, 100);
INSERT INTO PERFORMED_IN (PLAYER_ID, GAME_ID, STATISTIC_ID) VALUES (1, 6, 101);
INSERT INTO PERFORMED_IN (PLAYER_ID, GAME_ID, STATISTIC_ID) VALUES (2, 6, 102);
INSERT INTO PERFORMED_IN (PLAYER_ID, GAME_ID, STATISTIC_ID) VALUES (3, 6, 103);
INSERT INTO PERFORMED_IN (PLAYER_ID, GAME_ID, STATISTIC_ID) VALUES (4, 6, 104);
INSERT INTO PERFORMED_IN (PLAYER_ID, GAME_ID, STATISTIC_ID) VALUES (5, 6, 105);
INSERT INTO PERFORMED_IN (PLAYER_ID, GAME_ID, STATISTIC_ID) VALUES (6, 6, 106);
INSERT INTO PERFORMED_IN (PLAYER_ID, GAME_ID, STATISTIC_ID) VALUES (10, 6, 107);
INSERT INTO PERFORMED_IN (PLAYER_ID, GAME_ID, STATISTIC_ID) VALUES (11, 6, 108);
INSERT INTO PERFORMED_IN (PLAYER_ID, GAME_ID, STATISTIC_ID) VALUES (15, 6, 109);

INSERT INTO PERFORMED_IN (PLAYER_ID, GAME_ID, STATISTIC_ID) VALUES (7, 6, 110);
INSERT INTO PERFORMED_IN (PLAYER_ID, GAME_ID, STATISTIC_ID) VALUES (8, 6, 111);
INSERT INTO PERFORMED_IN (PLAYER_ID, GAME_ID, STATISTIC_ID) VALUES (9, 6, 112);
INSERT INTO PERFORMED_IN (PLAYER_ID, GAME_ID, STATISTIC_ID) VALUES (12, 6, 113);
INSERT INTO PERFORMED_IN (PLAYER_ID, GAME_ID, STATISTIC_ID) VALUES (13, 6, 114);
INSERT INTO PERFORMED_IN (PLAYER_ID, GAME_ID, STATISTIC_ID) VALUES (14, 6, 115);
INSERT INTO PERFORMED_IN (PLAYER_ID, GAME_ID, STATISTIC_ID) VALUES (17, 6, 116);
INSERT INTO PERFORMED_IN (PLAYER_ID, GAME_ID, STATISTIC_ID) VALUES (18, 6, 117);
INSERT INTO PERFORMED_IN (PLAYER_ID, GAME_ID, STATISTIC_ID) VALUES (19, 6, 118);
INSERT INTO PERFORMED_IN (PLAYER_ID, GAME_ID, STATISTIC_ID) VALUES (20, 6, 119);

--game 7
INSERT INTO STATISTICS (ID, AB, H, R, RBI, "1B", "2B", "3B", HR) VALUES (120, 7, 4, 0, 0, 0, 0, 0, 0);
INSERT INTO STATISTICS (ID, AB, H, R, RBI, "1B", "2B", "3B", HR) VALUES (121, 7, 4, 0, 0, 0, 0, 0, 0);
INSERT INTO STATISTICS (ID, AB, H, R, RBI, "1B", "2B", "3B", HR) VALUES (122, 7, 4, 1, 0, 0, 0, 0, 1);
INSERT INTO STATISTICS (ID, AB, H, R, RBI, "1B", "2B", "3B", HR) VALUES (123, 7, 4, 0, 0, 0, 0, 0, 0);
INSERT INTO STATISTICS (ID, AB, H, R, RBI, "1B", "2B", "3B", HR) VALUES (124, 7, 4, 0, 0, 0, 0, 0, 0);
INSERT INTO STATISTICS (ID, AB, H, R, RBI, "1B", "2B", "3B", HR) VALUES (125, 7, 4, 0, 0, 1, 0, 0, 0);
INSERT INTO STATISTICS (ID, AB, H, R, RBI, "1B", "2B", "3B", HR) VALUES (126, 7, 4, 0, 0, 0, 0, 0, 0);
INSERT INTO STATISTICS (ID, AB, H, R, RBI, "1B", "2B", "3B", HR) VALUES (127, 7, 4, 0, 0, 0, 1, 0, 0);
INSERT INTO STATISTICS (ID, AB, H, R, RBI, "1B", "2B", "3B", HR) VALUES (128, 7, 4, 0, 1, 0, 0, 1, 0);
INSERT INTO STATISTICS (ID, AB, H, R, RBI, "1B", "2B", "3B", HR) VALUES (129, 7, 4, 1, 0, 0, 0, 0, 0);

INSERT INTO STATISTICS (ID, AB, H, R, RBI, "1B", "2B", "3B", HR) VALUES (130, 7, 4, 0, 0, 0, 0, 0, 0);
INSERT INTO STATISTICS (ID, AB, H, R, RBI, "1B", "2B", "3B", HR) VALUES (131, 7, 4, 0, 1, 0, 0, 1, 0);
INSERT INTO STATISTICS (ID, AB, H, R, RBI, "1B", "2B", "3B", HR) VALUES (132, 7, 4, 0, 0, 0, 0, 0, 0);
INSERT INTO STATISTICS (ID, AB, H, R, RBI, "1B", "2B", "3B", HR) VALUES (133, 7, 4, 0, 0, 0, 0, 0, 0);
INSERT INTO STATISTICS (ID, AB, H, R, RBI, "1B", "2B", "3B", HR) VALUES (134, 7, 4, 1, 2, 0, 0, 0, 1);
INSERT INTO STATISTICS (ID, AB, H, R, RBI, "1B", "2B", "3B", HR) VALUES (135, 7, 4, 0, 0, 0, 0, 0, 0);
INSERT INTO STATISTICS (ID, AB, H, R, RBI, "1B", "2B", "3B", HR) VALUES (136, 7, 4, 0, 0, 0, 0, 0, 0);
INSERT INTO STATISTICS (ID, AB, H, R, RBI, "1B", "2B", "3B", HR) VALUES (137, 7, 4, 2, 1, 1, 0, 1, 0);
INSERT INTO STATISTICS (ID, AB, H, R, RBI, "1B", "2B", "3B", HR) VALUES (138, 7, 4, 0, 0, 0, 0, 0, 0);
INSERT INTO STATISTICS (ID, AB, H, R, RBI, "1B", "2B", "3B", HR) VALUES (139, 7, 4, 1, 0, 1, 0, 0, 0);

INSERT INTO PERFORMED_IN (PLAYER_ID, GAME_ID, STATISTIC_ID) VALUES (0, 7, 120);
INSERT INTO PERFORMED_IN (PLAYER_ID, GAME_ID, STATISTIC_ID) VALUES (1, 7, 121);
INSERT INTO PERFORMED_IN (PLAYER_ID, GAME_ID, STATISTIC_ID) VALUES (2, 7, 122);
INSERT INTO PERFORMED_IN (PLAYER_ID, GAME_ID, STATISTIC_ID) VALUES (3, 7, 123);
INSERT INTO PERFORMED_IN (PLAYER_ID, GAME_ID, STATISTIC_ID) VALUES (4, 7, 124);
INSERT INTO PERFORMED_IN (PLAYER_ID, GAME_ID, STATISTIC_ID) VALUES (5, 7, 125);
INSERT INTO PERFORMED_IN (PLAYER_ID, GAME_ID, STATISTIC_ID) VALUES (6, 7, 126);
INSERT INTO PERFORMED_IN (PLAYER_ID, GAME_ID, STATISTIC_ID) VALUES (10, 7, 127);
INSERT INTO PERFORMED_IN (PLAYER_ID, GAME_ID, STATISTIC_ID) VALUES (11, 7, 128);
INSERT INTO PERFORMED_IN (PLAYER_ID, GAME_ID, STATISTIC_ID) VALUES (15, 7, 129);

INSERT INTO PERFORMED_IN (PLAYER_ID, GAME_ID, STATISTIC_ID) VALUES (7, 7, 130);
INSERT INTO PERFORMED_IN (PLAYER_ID, GAME_ID, STATISTIC_ID) VALUES (8, 7, 131);
INSERT INTO PERFORMED_IN (PLAYER_ID, GAME_ID, STATISTIC_ID) VALUES (9, 7, 132);
INSERT INTO PERFORMED_IN (PLAYER_ID, GAME_ID, STATISTIC_ID) VALUES (12, 7, 133);
INSERT INTO PERFORMED_IN (PLAYER_ID, GAME_ID, STATISTIC_ID) VALUES (13, 7, 134);
INSERT INTO PERFORMED_IN (PLAYER_ID, GAME_ID, STATISTIC_ID) VALUES (14, 7, 135);
INSERT INTO PERFORMED_IN (PLAYER_ID, GAME_ID, STATISTIC_ID) VALUES (17, 7, 136);
INSERT INTO PERFORMED_IN (PLAYER_ID, GAME_ID, STATISTIC_ID) VALUES (18, 7, 137);
INSERT INTO PERFORMED_IN (PLAYER_ID, GAME_ID, STATISTIC_ID) VALUES (19, 7, 138);
INSERT INTO PERFORMED_IN (PLAYER_ID, GAME_ID, STATISTIC_ID) VALUES (20, 7, 139);

--game 8
INSERT INTO STATISTICS (ID, AB, H, R, RBI, "1B", "2B", "3B", HR) VALUES (140, 5, 4, 0, 0, 0, 0, 0, 0);
INSERT INTO STATISTICS (ID, AB, H, R, RBI, "1B", "2B", "3B", HR) VALUES (141, 5, 4, 0, 0, 0, 0, 0, 0);
INSERT INTO STATISTICS (ID, AB, H, R, RBI, "1B", "2B", "3B", HR) VALUES (142, 5, 4, 0, 0, 0, 0, 0, 0);
INSERT INTO STATISTICS (ID, AB, H, R, RBI, "1B", "2B", "3B", HR) VALUES (143, 5, 4, 0, 0, 0, 0, 0, 0);
INSERT INTO STATISTICS (ID, AB, H, R, RBI, "1B", "2B", "3B", HR) VALUES (144, 5, 4, 1, 1, 0, 1, 0, 0);
INSERT INTO STATISTICS (ID, AB, H, R, RBI, "1B", "2B", "3B", HR) VALUES (145, 5, 4, 0, 0, 0, 0, 0, 0);
INSERT INTO STATISTICS (ID, AB, H, R, RBI, "1B", "2B", "3B", HR) VALUES (146, 5, 4, 1, 0, 0, 0, 1, 0);
INSERT INTO STATISTICS (ID, AB, H, R, RBI, "1B", "2B", "3B", HR) VALUES (147, 5, 4, 0, 0, 0, 0, 0, 0);
INSERT INTO STATISTICS (ID, AB, H, R, RBI, "1B", "2B", "3B", HR) VALUES (148, 5, 4, 0, 1, 0, 0, 1, 0);
INSERT INTO STATISTICS (ID, AB, H, R, RBI, "1B", "2B", "3B", HR) VALUES (149, 5, 4, 0, 0, 0, 0, 0, 0);

INSERT INTO STATISTICS (ID, AB, H, R, RBI, "1B", "2B", "3B", HR) VALUES (150, 5, 4, 1, 0, 0, 0, 0, 1);
INSERT INTO STATISTICS (ID, AB, H, R, RBI, "1B", "2B", "3B", HR) VALUES (151, 5, 4, 0, 0, 0, 0, 0, 0);
INSERT INTO STATISTICS (ID, AB, H, R, RBI, "1B", "2B", "3B", HR) VALUES (152, 5, 4, 0, 0, 0, 0, 0, 0);
INSERT INTO STATISTICS (ID, AB, H, R, RBI, "1B", "2B", "3B", HR) VALUES (153, 5, 4, 2, 1, 0, 1, 1, 0);
INSERT INTO STATISTICS (ID, AB, H, R, RBI, "1B", "2B", "3B", HR) VALUES (154, 5, 4, 0, 0, 0, 0, 0, 0);
INSERT INTO STATISTICS (ID, AB, H, R, RBI, "1B", "2B", "3B", HR) VALUES (155, 5, 4, 0, 0, 0, 0, 0, 0);
INSERT INTO STATISTICS (ID, AB, H, R, RBI, "1B", "2B", "3B", HR) VALUES (156, 5, 4, 1, 1, 1, 0, 0, 0);
INSERT INTO STATISTICS (ID, AB, H, R, RBI, "1B", "2B", "3B", HR) VALUES (157, 5, 4, 0, 0, 0, 0, 0, 0);
INSERT INTO STATISTICS (ID, AB, H, R, RBI, "1B", "2B", "3B", HR) VALUES (158, 5, 4, 1, 2, 0, 1, 0, 0);
INSERT INTO STATISTICS (ID, AB, H, R, RBI, "1B", "2B", "3B", HR) VALUES (159, 5, 4, 0, 0, 0, 0, 0, 0);

INSERT INTO PERFORMED_IN (PLAYER_ID, GAME_ID, STATISTIC_ID) VALUES (0, 8, 140);
INSERT INTO PERFORMED_IN (PLAYER_ID, GAME_ID, STATISTIC_ID) VALUES (1, 8, 141);
INSERT INTO PERFORMED_IN (PLAYER_ID, GAME_ID, STATISTIC_ID) VALUES (2, 8, 142);
INSERT INTO PERFORMED_IN (PLAYER_ID, GAME_ID, STATISTIC_ID) VALUES (3, 8, 143);
INSERT INTO PERFORMED_IN (PLAYER_ID, GAME_ID, STATISTIC_ID) VALUES (4, 8, 144);
INSERT INTO PERFORMED_IN (PLAYER_ID, GAME_ID, STATISTIC_ID) VALUES (5, 8, 145);
INSERT INTO PERFORMED_IN (PLAYER_ID, GAME_ID, STATISTIC_ID) VALUES (6, 8, 146);
INSERT INTO PERFORMED_IN (PLAYER_ID, GAME_ID, STATISTIC_ID) VALUES (10, 8, 147);
INSERT INTO PERFORMED_IN (PLAYER_ID, GAME_ID, STATISTIC_ID) VALUES (11, 8, 148);
INSERT INTO PERFORMED_IN (PLAYER_ID, GAME_ID, STATISTIC_ID) VALUES (15, 8, 149);

INSERT INTO PERFORMED_IN (PLAYER_ID, GAME_ID, STATISTIC_ID) VALUES (7, 8, 150);
INSERT INTO PERFORMED_IN (PLAYER_ID, GAME_ID, STATISTIC_ID) VALUES (8, 8, 151);
INSERT INTO PERFORMED_IN (PLAYER_ID, GAME_ID, STATISTIC_ID) VALUES (9, 8, 152);
INSERT INTO PERFORMED_IN (PLAYER_ID, GAME_ID, STATISTIC_ID) VALUES (12, 8, 153);
INSERT INTO PERFORMED_IN (PLAYER_ID, GAME_ID, STATISTIC_ID) VALUES (13, 8, 154);
INSERT INTO PERFORMED_IN (PLAYER_ID, GAME_ID, STATISTIC_ID) VALUES (14, 8, 155);
INSERT INTO PERFORMED_IN (PLAYER_ID, GAME_ID, STATISTIC_ID) VALUES (17, 8, 156);
INSERT INTO PERFORMED_IN (PLAYER_ID, GAME_ID, STATISTIC_ID) VALUES (18, 8, 157);
INSERT INTO PERFORMED_IN (PLAYER_ID, GAME_ID, STATISTIC_ID) VALUES (19, 8, 158);
INSERT INTO PERFORMED_IN (PLAYER_ID, GAME_ID, STATISTIC_ID) VALUES (20, 8, 159);

